scaffold	length	coverage	breadth	nucl_diversity	coverage_median	coverage_std	coverage_SEM	breadth_minCov	breadth_expected	nucl_diversity_median	nucl_diversity_rarefied	nucl_diversity_rarefied_median	breadth_rarefied	conANI_reference	popANI_reference	SNS_count	SNV_count	divergent_site_count	population_divergent_sites	consensus_divergent_sites
NORP83_80	5104	40.593847962382455	0.9992163009404388	0.00897896322816938	42	11.97932066498094	0.1676947267462247	0.9557210031347962	0.9999999999999998	0.0	0.007953289700181831	0.0	0.2382445141065831	0.99589995899959	0.999589995899959	2	55	57	2	20
NORP83_81	3256	41.63636363636363	0.9781941031941032	0.007361632945773411	46	14.870545546831751	0.2606462044410451	0.8943488943488943	1.0	0.0	0.0082253523515744	0.0	0.3052825552825553	0.9969093406593408	1.0	0	22	22	0	9
NORP83_82	3601	46.57900583171341	1.0	0.009497851193466468	47	12.073593789454147	0.20122656315756912	0.9636212163287976	1.0	0.0	0.00931634079394661	0.0	0.4401555123576784	0.9959654178674352	1.0	0	40	40	0	14
NORP83_83	3361	37.850639690568286	0.9967271645343648	0.013120003946582637	37	13.974016576538196	0.241074689128704	0.8970544480809283	0.9999999999999968	0.0	0.011327350687267423	0.0	0.2784885450758703	0.992703150912106	1.0	0	73	73	0	22
NORP83_84	6262	35.567071223251354	0.9766847652507186	0.01051147503116534	38	14.76475454244114	0.18659688072149175	0.8625039923347173	0.999999999999977	0.0	0.008286902351835379	0.0	0.15362503992334714	0.9953712275504536	1.0	0	81	81	0	25
NORP83_85	5620	44.754982206405685	0.9973309608540926	0.01000102502399658	46	15.847087423370702	0.21140727961026093	0.947864768683274	1.0	0.0	0.008877095568078586	0.0	0.3969750889679715	0.9943683123709404	1.0	0	71	71	0	30
NORP83_86	3077	37.90477738056549	0.9957751056223596	0.014618846049298306	40	14.46274448891394	0.26076995262056235	0.8846278843028924	0.9999999999999972	0.0	0.013394968689612652	0.0	0.20669483262918428	0.9867744305657604	0.9996326230712712	1	66	67	1	36
NORP83_87	12913	40.52799504375436	0.9996902346472548	0.008370093094608788	42	10.60793640913956	0.09335426176296556	0.9660032525362038	0.9999999999999996	0.0	0.008807035746614567	0.0	0.2113374119104778	0.9969536636203304	1.0	0	123	123	0	38
NORP83_88	3672	23.558278867102395	0.999727668845316	0.014398774741315234	17	14.81297281056383	0.2444837697497964	0.4046840958605665	0.9999999990756776	0.0	0.010084999911487149	0.0	0.08714596949891068	0.9865410497981156	0.9993270524899058	1	36	37	1	20
NORP83_89	16928	39.81976606805293	0.9998227788279772	0.00981377453575638	40	10.695997658882073	0.08221125956100184	0.968218336483932	0.9999999999999994	0.0	0.010413871522186645	0.0	0.17716209829867674	0.9954850518608908	0.9996949359365468	5	226	231	5	74
NORP83_9	17245	33.905711800521885	0.9391127863148738	0.0076655214351371015	35	13.546412357449276	0.10315856315990383	0.8969556393157437	0.9999999999999004	0.0	0.008844292361170236	0.0	0.10159466512032474	0.997607964830618	0.9998060512024826	3	142	145	3	37
NORP83_90	14944	37.92177462526767	0.998661670235546	0.009722085288625835	38	12.254488194037902	0.10024812985372747	0.9287339400428264	0.9999999999999972	0.0	0.00814273638180518	0.0	0.18977516059957167	0.9973341018805391	0.9996397434973702	5	181	186	5	37
NORP83_91	11624	40.77279766001377	0.9975911906400552	0.007971468274555527	41	11.759106231852712	0.10907248176438082	0.9484686854783207	0.9999999999999998	0.0	0.0057145947655194975	0.0	0.22281486579490709	0.9958276643990931	0.999909297052154	1	107	108	1	46
NORP83_92	3536	26.791572398190045	1.0	0.012819158549970178	24	13.482616057830098	0.22676679305758854	0.623868778280543	0.9999999999467998	0.0	0.01936588658138261	0.0	0.08455882352941177	0.99728014505893	1.0	0	48	48	0	6
NORP83_93	5116	36.876856919468345	0.9994136043784206	0.008456647353206614	39	16.22385681871401	0.22684608364382694	0.8150899139953088	0.9999999999999928	0.0	0.009746648544488923	0.0	0.2857701329163409	0.9964028776978416	1.0	0	46	46	0	15
NORP83_182	3659	42.70429078983329	0.9975403115605356	0.006066194385264789	44	9.697699688006102	0.1603418464398015	0.9644711669855152	1.0	0.0	0.006527884720036625	0.0	0.2273845312927029	0.99659960328705	0.9994332672145084	2	18	20	2	12
NORP83_183	3899	31.352398050782252	0.9994870479610156	0.012430698213406477	27	14.431270060085533	0.23114453860921386	0.8017440369325468	0.9999999999990518	0.0	0.011417589620580926	0.0	0.15747627596819694	0.9955214331413949	0.9990403071017274	3	59	62	3	14
NORP83_184	6625	41.146113207547174	0.998490566037736	0.009457304980575176	43	13.557049617332186	0.16657315960570473	0.9174339622641509	1.0	0.0	0.009661435964841258	0.0	0.2712452830188679	0.9947351102336296	1.0	0	73	73	0	32
NORP83_185	14351	49.62364991986621	0.9994425475576616	0.008427447802425214	50	12.660900427649455	0.10569115470980664	0.980489164518152	1.0	0.0	0.006419711372586678	0.0	0.5260260609016794	0.9964465922819984	1.0	0	135	135	0	50
NORP83_186	14028	42.85065583119475	0.9998574280011404	0.010780561148442391	44	12.618325404398492	0.1065416269479162	0.958867978329056	1.0	0.0	0.010368693590966815	0.0	0.3388223552894212	0.9954650211880156	1.0	0	209	209	0	61
NORP83_187	3739	32.64803423375234	0.9983952928590532	0.010641446479611629	34	14.043153728272605	0.2296915410337183	0.7935276811981813	0.999999999999698	0.0	0.015087603537504381	0.0	0.09708478202728002	0.9919110212335692	1.0	0	45	45	0	24
NORP83_188	4538	52.47531952401939	0.9988981930365799	0.0046211648149555576	53	12.841610073112891	0.1906492447127975	0.9717937417364476	1.0	0.0	0.004535172520012676	0.0	0.6390480387836052	0.9988662131519276	1.0	0	7	7	0	5
NORP83_189	4052	31.843287265547882	0.9975320829220138	0.014172630386753203	33	10.701037944205344	0.1681298333134046	0.8400789733464955	0.9999999999993852	0.0	0.010054736388357077	0.0	0.02344521224086871	0.9964747356051704	1.0	0	76	76	0	12
NORP83_19	15628	40.99513693370872	0.999552085999488	0.010492648545965766	43	13.819385119037404	0.11054800610629624	0.8953160993089326	0.9999999999999998	0.0	0.007902183487520364	0.0	0.3223701049398516	0.9929959977129788	0.999785591766724	3	209	212	3	98
NORP83_190	3764	43.58023379383634	0.9986716259298618	0.010712325538770995	47	13.765424827006829	0.2243998229476247	0.9261424017003188	1.0	0.0	0.009910060858742577	0.0	0.3934643995749203	0.9959839357429718	1.0	0	58	58	0	14
NORP83_191	5588	30.654080171796714	1.0	0.013796288782847664	30	13.014654595761373	0.17411785602625493	0.740873299928418	0.9999999999982432	0.0	0.00992719481282367	0.0	0.08357193987115248	0.991304347826087	0.9997584541062802	1	101	102	1	36
NORP83_192	4233	35.81289865343728	0.9976376092605715	0.012376639021008162	33	14.518883292486267	0.2231826267689806	0.8818804630285849	0.9999999999999816	0.0	0.011178096627629586	0.0	0.18119536971415076	0.9978569515135279	1.0	0	77	77	0	8
NORP83_193	3429	32.43773694954797	0.9034703995333916	0.011776477653657635	35	15.74958934541026	0.2689978617667468	0.8296879556722077	0.9999999999996364	0.0	0.016450299652750574	0.0	0.0974044911052785	0.9950790861159928	0.9996485061511424	1	50	51	1	14
NORP83_194	6853	49.290091930541365	0.999854078505764	0.0061064304818407855	51	13.647333624215644	0.16486904843107233	0.985699693564862	1.0	0.0	0.005023250875611618	0.0	0.5422442725813512	0.9983715766099186	1.0	0	33	33	0	11
NORP83_195	3128	44.44852941176471	1.0	0.010124592240466579	46	11.41839321970141	0.20419309612518266	0.9622762148337596	1.0	0.0	0.008784520856728095	0.0	0.3634910485933504	0.9953488372093025	1.0	0	40	40	0	14
NORP83_196	3979	31.00779090223675	0.9984920834380496	0.009512430175621756	29	12.71834937313358	0.20165006275032868	0.7966825835637095	0.9999999999987144	0.0	0.010555611138331922	0.0	0.10077909022367428	0.9977917981072556	1.0	0	43	43	0	7
NORP83_197	7022	37.483053261179144	0.9985759043007689	0.01138836618492245	40	13.292491414982571	0.15863788166311152	0.8746795784676731	0.9999999999999958	0.0	0.010835011830909735	0.0	0.1838507547707206	0.9947899706935852	0.9996743731683492	2	99	101	2	32
NORP83_198	3155	32.95055467511886	0.9996830427892236	0.011845092499234931	31	15.989956103936189	0.284718985157529	0.7137876386687797	0.9999999999997689	0.0	0.010210559940338149	0.0	0.19809825673534076	0.9933392539964476	1.0	0	43	43	0	15
NORP83_199	6120	42.13823529411765	0.9813725490196078	0.010203855393757677	45	14.671918917747275	0.18756279320229566	0.8993464052287582	1.0	0.0	0.01072852557878401	0.0	0.3557189542483661	0.9952761627906976	0.9989098837209304	6	85	91	6	26
NORP83_2	5519	37.2658090233738	0.9994564232650842	0.012310736268124732	39	14.854668661418696	0.1999733495475688	0.8516035513680015	0.9999999999999948	0.0	0.008753591342306022	0.0	0.19677477803949991	0.9946808510638298	1.0	0	94	94	0	25
NORP83_219	7104	46.247184684684676	0.9998592342342344	0.009254187715855287	47	11.261655271823368	0.13362303193844113	0.9628378378378378	1.0	0.0	0.008024556374937819	0.0	0.3806306306306306	0.9942982456140352	0.9998538011695908	1	77	78	1	39
NORP83_22	5302	39.341946435307435	0.998491135420596	0.008218393329358809	43	16.247804315072248	0.22315970455527326	0.8858921161825726	0.9999999999999992	0.0	0.009516976733513816	0.0	0.3144096567333082	0.996380668511816	1.0	0	48	48	0	17
NORP83_220	8520	35.84319248826291	0.9987089201877934	0.009598792272576873	36	12.169752511575377	0.1318522172097213	0.9091549295774648	0.9999999999999821	0.0	0.006157656893071794	0.0	0.1402582159624413	0.9961270333075136	1.0	0	101	101	0	30
NORP83_221	4472	37.15809481216458	0.9937388193202148	0.01060263081016555	39	13.422550203784732	0.20073943713744774	0.8741055456171736	0.9999999999999944	0.0	0.010029925298215114	0.0	0.17933810375670842	0.9946277820414428	0.9989767203888462	4	59	63	4	21
NORP83_222	7529	37.280780980209855	0.999335901182096	0.008430040781359005	39	11.4942132559245	0.1324766829145022	0.9319962810466196	0.9999999999999948	0.0	0.007287329603821723	0.0	0.13627307743392214	0.9982898674647284	1.0	0	71	71	0	12
NORP83_223	15732	31.477625222476483	0.9991100940757692	0.009100578435339846	31	13.794879428759026	0.10998659150887932	0.7789855072463768	0.9999999999991509	0.0	0.008538700575935532	0.0	0.1105390287312484	0.9959200326397388	0.9992656058751529	9	147	156	9	50
NORP83_224	5108	41.60023492560689	0.9976507439310884	0.012417125714168642	45	13.624435069205258	0.1906494578367489	0.951448707909162	1.0	0.0	0.01115749029199442	0.0	0.34631949882537194	0.995267489711934	0.9995884773662552	2	96	98	2	23
NORP83_225	4049	41.42627809335639	0.9982711780686591	0.009752376617819136	40	16.59540060729443	0.260835974251222	0.9068905902692024	1.0	0.0	0.010568029726157224	0.0	0.3986169424549271	0.9961873638344226	1.0	0	51	51	0	14
NORP83_226	6089	27.975693874199376	0.9944161602890458	0.011190409580909331	25	15.22658773334368	0.19514852240077474	0.6088027590737395	0.9999999999813008	0.0	0.013726690379750273	0.0	0.09229758581047792	0.9940652818991098	0.9997302400863232	1	63	64	1	22
NORP83_227	5400	41.32925925925926	0.9979629629629628	0.009690742122874352	41	13.515002480351074	0.1839329202217568	0.9611111111111112	1.0	0.0	0.006261248374019868	0.0	0.2551851851851852	0.994990366088632	0.9978805394990368	11	70	81	11	26
NORP83_228	4130	32.89152542372881	0.9997578692493948	0.011153493484046706	31	12.090652377468796	0.18815999521850474	0.9341404358353512	0.9999999999997564	0.0	0.0147836996843822	0.0	0.07723970944309927	0.999222395023328	0.9997407983411094	1	67	68	1	3
NORP83_229	7628	43.04050865233351	0.9998689040377556	0.007244377974513383	43	14.525687798995236	0.16632588096925613	0.9496591504981646	1.0	0.0	0.0074714391095696	0.0	0.35894074462506553	0.994892324682496	1.0	0	51	51	0	37
NORP83_23	6424	36.993773349937726	0.9998443337484434	0.0044381087386276	37	8.833573935653092	0.11022179702496687	0.9716687422166874	0.9999999999999934	0.0	0.005566666749390658	0.0	0.0821917808219178	1.0	1.0	0	0	0	0	0
NORP83_230	3218	38.499378495960215	0.9996892479801118	0.004999750045113549	40	10.775673215029364	0.18998481135984505	0.9496581727781229	0.9999999999999982	0.0	0.003068852620046636	0.0	0.1326911124922312	0.99967277486911	1.0	0	5	5	0	1
NORP83_231	4168	39.37332053742802	0.9985604606525912	0.01442561119108854	41	12.000211063040702	0.18589903457985266	0.9380998080614203	0.9999999999999992	0.0	0.010906818238171634	0.0	0.1689059500959693	0.9879795396419436	0.9997442455242966	1	102	103	1	47
NORP83_232	3935	47.5705209656925	1.0	0.011717094189575115	49	15.558490537642662	0.2480563118753253	0.96289707750953	1.0	0.0	0.01303311269986529	0.0	0.49885641677255393	0.9944576405384006	1.0	0	67	67	0	21
NORP83_233	5517	44.12778684067428	0.9996374841399313	0.010505150163120371	45	9.293327902199144	0.12512933374217902	0.9737176001450064	1.0	0.0	0.010970359783378458	0.0	0.2519485227478702	0.9940431868950113	0.9998138495904692	1	76	77	1	32
NORP83_234	3165	39.51121642969984	0.9848341232227488	0.01213455231976257	41	16.220546054867793	0.28836811129182593	0.9184834123222748	0.9999999999999992	0.0	0.00987756827092523	0.0	0.3014218009478673	0.9886480908152736	0.999312005503956	2	53	55	2	33
NORP83_235	3608	43.84063192904657	1.0	0.012906904696049937	44	13.383306975010395	0.22283857285071165	0.9659090909090908	1.0	0.0	0.010346875200048069	0.0	0.35476718403547675	0.993400286944046	0.999426111908178	2	69	71	2	23
NORP83_236	4454	39.89515042658285	0.9975303098338572	0.010385987752698278	42	14.220724860134444	0.2131058571309316	0.9014369106421194	0.9999999999999994	0.0	0.00836004205557328	0.0	0.213515940727436	0.9952677459526774	1.0	0	57	57	0	19
NORP83_237	3149	27.540489044141	0.987297554779295	0.013114328298556409	29	12.13450195555594	0.21627414020087707	0.7408701174976183	0.9999999999725391	0.0	0.011478260807369023	0.0	0.03651953000952683	0.994856408058294	1.0	0	52	52	0	12
NORP83_238	3982	40.4347061778001	0.9994977398292316	0.009291435605137344	41	13.74387698567055	0.2178277324496952	0.9171270718232044	0.9999999999999996	0.0	0.007887576541687036	0.0	0.2466097438473129	0.9978094194961664	0.9997261774370207	1	42	43	1	8
NORP83_239	3627	27.682657843948174	0.9988971601874828	0.012451110777367935	28	12.66997191627039	0.21040775974527656	0.7154673283705542	0.9999999999757788	0.0	0.011827957245611365	0.0	0.05128205128205128	0.9946050096339114	0.9984585741811176	4	52	56	4	14
NORP83_113	8360	40.699641148325355	0.9989234449760764	0.007558491890010899	41	9.691588611955142	0.10600291503246344	0.9754784688995216	0.9999999999999998	0.0	0.007420045276647635	0.0	0.15873205741626795	0.997057020232986	1.0	0	70	70	0	24
NORP83_114	13225	41.987750472589795	0.9987145557655954	0.008568828179268406	42	12.63598849859408	0.10988231527671698	0.9438941398865784	1.0	0.0	0.0068852853667629174	0.0	0.25179584120982984	0.9950332452134903	0.9998397821036609	2	126	128	2	62
NORP83_115	7336	49.9629225736096	0.9991821155943292	0.008712870096583059	52	14.173398038586203	0.1654908264159649	0.9795528898582334	1.0	0.0	0.008115530529087644	0.0	0.5757906215921483	0.9963818536042304	0.9998608405232396	1	69	70	1	26
NORP83_116	3447	35.154337104728754	0.9950681752248332	0.01202099920858335	36	12.770677047150329	0.21754859647666006	0.8987525384392225	0.9999999999999668	0.0	0.00879686895881848	0.0	0.14824485059472006	0.9951581665590704	0.9996772111039379	1	59	60	1	15
NORP83_117	8025	37.820062305295956	0.9990031152647976	0.0093263615258522	38	12.799971621701633	0.14289385301634333	0.9304672897196262	0.9999999999999968	0.0	0.008379444479942322	0.0	0.17943925233644858	0.99424132851212	0.9991964644435516	6	90	96	6	43
NORP83_118	4027	37.66352123168612	0.9523218276632728	0.012831221460729791	41	17.89252098624845	0.2819906119480943	0.8363546064067544	0.9999999999999964	0.0	0.0134813468276207	0.0	0.27290787186491183	0.9967339667458432	0.9997030878859856	1	65	66	1	11
NORP83_119	5506	43.803487104976384	0.9996367598982928	0.00986040074609762	46	11.718589900837047	0.15794165863400886	0.9644024700326916	1.0	0.0	0.007569069081014956	0.0	0.34525971667272065	0.994915254237288	0.9998116760828624	1	73	74	1	27
NORP83_12	4556	45.65474100087796	0.9997805092186128	0.011616973344944714	45	12.577467655449427	0.18635841947757936	0.9826602282704128	1.0	0.0	0.0108422112075528	0.0	0.3494293239683933	0.99731963368327	0.9995532722805451	2	74	76	2	12
NORP83_120	3561	32.34597023308059	0.9977534400449312	0.01159286273532978	32	11.986182308060267	0.20088887190312552	0.8907610221847796	0.9999999999996056	0.0	0.009753962507787706	0.0	0.07441729851165403	0.9959016393442623	1.0	0	60	60	0	13
NORP83_121	3273	39.370302474793775	0.9993889398105712	0.007737526008554262	38	11.649022405617742	0.2036492584783576	0.9703635808127099	0.9999999999999992	0.0	0.005838461564137365	0.0	0.15887564925145126	0.9974811083123426	1.0	0	33	33	0	8
NORP83_122	3697	46.89207465512578	0.999729510413849	0.012826873847218478	48	15.127695017945163	0.2488323144472869	0.9304841763592102	1.0	0.0	0.011771224766934265	0.0	0.4549634839058696	0.9909883720930232	0.9997093023255814	1	65	66	1	31
NORP83_123	7672	38.044838373305524	0.8927267987486965	0.009593134316114305	39	18.20506730125202	0.20785778616105954	0.8607924921793535	0.9999999999999974	0.0	0.008775406973486999	0.0	0.2883211678832117	0.9940944881889764	0.9992428831011508	4	84	88	5	39
NORP83_124	12432	39.20680501930502	0.9993564993564994	0.009972114197291715	40	10.786804735157439	0.09674750722371764	0.9578507078507078	0.9999999999999992	0.0	0.009973098270291136	0.0	0.14591377091377092	0.9954652334564998	0.999832045683574	2	160	162	2	54
NORP83_125	3590	37.37771587743733	0.9949860724233984	0.01437010752138246	39	14.015608263847325	0.2339511699138245	0.8983286908077994	0.9999999999999952	0.0	0.014432840746611775	0.0	0.16963788300835655	0.9934883720930232	1.0	0	76	76	0	21
NORP83_126	3257	40.05127417869205	0.9855695425237948	0.0061679398366337726	43	13.010003439787114	0.22800019229220014	0.9161805342339576	0.9999999999999996	0.0	0.0050323003656906895	0.0	0.1882100092109303	0.9983243967828418	0.9993297587131368	2	15	17	2	5
NORP83_127	4268	30.38870665417057	0.9985941893158388	0.013026777061922791	30	10.980430488655603	0.1680962579513259	0.8493439550140581	0.9999999999977792	0.0	0.00860093932756234	0.0	0.04990627928772259	0.990896551724138	0.9991724137931034	3	81	84	3	33
NORP83_128	3666	34.66175668303328	0.9986361156573924	0.011232504224301665	35	12.316548843699984	0.20344735311515544	0.9026186579378068	0.9999999999999488	0.0	0.010707692392579848	0.0	0.12411347517730495	0.9954669084315504	0.99909338168631	3	59	62	3	15
NORP83_129	6132	39.03294194390085	0.9986953685583824	0.011708902476350149	40	14.1972829009276	0.18131743983796333	0.9158512720156556	0.9999999999999988	0.0	0.013880554043940174	0.0	0.2473907371167645	0.9964387464387464	1.0	0	112	112	0	20
NORP83_13	4643	45.47512384234332	0.996769330174456	0.010268142534433977	46	14.786992706661776	0.21703375810164532	0.9392634072797759	1.0	0.0	0.008001735534947206	0.0	0.39715701055352143	0.9963311167163494	1.0	0	62	62	0	16
NORP83_130	3239	36.80858289595554	0.9928990429144796	0.01245289626328838	37	11.625356363926935	0.20429975810992254	0.9231244211176288	0.9999999999999925	0.0	0.0073754098571714435	0.0	0.15066378511886386	0.9933110367892976	1.0	0	56	56	0	20
NORP83_310	9595	43.291505992704536	0.9896821261073476	0.010636536635775462	44	12.654883725220225	0.12919874708997334	0.9576862949452841	1.0	0.0	0.0093206771378338	0.0	0.3140177175612298	0.9932528022635759	0.9998911742300576	1	154	155	1	62
NORP83_311	26324	47.20300866129767	1.0	0.007982242786326754	48	12.023575587890596	0.07410814559917428	0.9845008357392494	1.0	0.0	0.007429202795440126	0.0	0.4402066555234767	0.9972217934866492	0.9997298965889798	7	248	255	7	72
NORP83_312	4470	34.661744966442946	0.9955257270693512	0.011597576172161615	32	14.46242186399271	0.21633951326927647	0.8917225950782998	0.9999999999999488	0.0	0.01616459958672345	0.0	0.14787472035794186	0.9979929754139488	0.9992473657802308	3	69	72	3	8
NORP83_313	3293	37.29213483146067	0.9951412086243548	0.01260403825366041	37	15.847099727773616	0.27619758552914103	0.8515031885818403	0.9999999999999949	0.0	0.012421100027232068	0.0	0.2705739447312481	0.9971469329529244	0.9996433666191156	1	59	60	1	8
NORP83_314	9429	44.361013893307884	0.9998939442146568	0.011315569159760841	45	17.310135776014825	0.1782750994752828	0.9210944957047408	1.0	0.0	0.010325000217219604	0.0	0.35974122388376284	0.9944732297063904	0.9994242947610824	5	142	147	5	48
NORP83_315	4615	36.330660888407365	0.9997833152762732	0.01073838740661559	37	13.207235709180507	0.19443441316420346	0.8689057421451788	0.9999999999999885	0.0	0.011282417718525785	0.0	0.15774647887323945	0.9940149625935162	1.0	0	63	63	0	24
NORP83_316	3615	36.61908713692946	0.9964038727524204	0.014624998083346162	38	13.079208453591145	0.21756417659786692	0.9001383125864454	0.9999999999999908	0.0	0.013414889394157579	0.0	0.13748271092669434	0.995082974800246	1.0	0	80	80	0	16
NORP83_317	3405	23.530983847283405	0.9110132158590308	0.00997966082296642	25	12.281691078298788	0.2105054739573995	0.6599118942731278	0.9999999990531294	0.0	0.0	0.0	0.0020558002936857567	0.9986648865153538	0.9991099243435692	2	30	32	2	3
NORP83_318	3156	46.183460076045634	0.9977820025348544	0.010336049413963377	49	18.60138846753496	0.3311659529688256	0.8561470215462611	1.0	0.0	0.00830812915678947	0.0	0.49112801013941704	0.994078460399704	1.0	0	37	37	0	16
NORP83_319	7221	47.670544245949316	0.9998615150256196	0.010775418368476841	49	13.473446189349575	0.15856600826616402	0.9648248165074088	1.0	0.0	0.0095243654777748	0.0	0.4745880072012187	0.9939715803071624	0.9995693985933688	3	103	106	3	42
NORP83_32	8611	44.83962373708048	0.9597027058413656	0.005282373346409797	47	14.79228504022583	0.1594166546162072	0.9259087214028568	1.0	0.0	0.004700692811808961	0.0	0.4191150853559401	0.9982440737489026	0.9996237300890506	3	23	26	3	14
NORP83_320	3007	38.45394080478883	0.9993348852677086	0.013372469823757394	40	16.132261896421507	0.2942393657487025	0.8649817093448621	0.9999999999999982	0.0	0.0077729731596805065	0.0	0.1968739607582308	0.994232987312572	1.0	0	64	64	0	15
NORP83_321	7685	47.16642810670137	0.9997397527651268	0.008426233105630287	50	13.565226596068024	0.1547509681050399	0.955757970071568	1.0	0.0	0.00814974478486852	0.0	0.5095640858815875	0.9963240299523486	0.9995915588835944	3	69	72	3	27
NORP83_322	4301	48.0569634968612	0.9997674959311788	0.010210672513195851	49	17.299574995775856	0.26381604542174936	0.9402464543129504	1.0	0.0	0.00956317537432272	0.0	0.4950011625203441	0.9938180019782392	1.0	0	54	54	0	25
NORP83_323	5706	37.768489309498776	0.9985979670522256	0.011068257293775365	40	14.037087064107324	0.185844267377212	0.8790746582544692	0.9999999999999968	0.0	0.009664346705272277	0.0	0.22660357518401686	0.99481658692185	0.9998006379585328	1	81	82	1	26
NORP83_324	4356	42.48415977961432	0.9967860422405876	0.012277166870950595	43	13.369148755079506	0.2025861149464668	0.9540863177226814	1.0	0.0	0.010070514985812018	0.0	0.2943067033976125	0.9971126082771896	1.0	0	77	77	0	12
NORP83_325	3254	45.5700676090965	0.9923171481253842	0.012334067615673685	48	16.958457544663027	0.2973338243507192	0.8970497848801475	1.0	0.0	0.012658695771318396	0.0	0.4523663183773817	0.9917780061664954	1.0	0	54	54	0	24
NORP83_326	4582	37.98166739415103	0.9975993016150152	0.009577526266422276	40	13.235374310648506	0.19554921740926667	0.8934962898297687	0.9999999999999972	0.0	0.007299408404784823	0.0	0.1844172850283719	0.9990229604298974	1.0	0	54	54	0	4
NORP83_327	5441	40.96140415364823	1.0	0.007586302276939461	41	11.244749187104158	0.15245803682590414	0.9551553023341296	0.9999999999999998	0.0	0.006319003220287778	0.0	0.2359860319794156	0.9973061381566288	0.9994227438907062	3	50	53	3	14
NORP83_1	4659	48.8976175144881	1.0	0.009050146787501157	50	13.812796182852075	0.20238664983213012	0.96973599484868	1.0	0.0	0.007460797496412264	0.0	0.5168491092509122	0.99535192563081	0.99933598937583	3	50	53	3	21
NORP83_10	8332	46.06565050408065	0.999759961593855	0.009919732694683714	46	12.78357218682513	0.14005662634483082	0.9693951032165148	1.0	0.0	0.00920023666479963	0.0	0.40590494479116657	0.9940571994552432	1.0	0	108	108	0	48
NORP83_100	12058	38.08533753524631	1.0	0.01097438823646968	38	12.397916840612785	0.11290913714555526	0.9329905456958036	0.9999999999999976	0.0	0.01007104548561033	0.0	0.17930004975949576	0.9940444444444444	0.9999111111111112	1	185	186	1	67
NORP83_101	19219	43.16296373380509	0.9964098027993132	0.007820035883219223	44	13.043646681290102	0.0940903170293359	0.9475519017638796	1.0	0.0	0.005925477514901911	0.0	0.30246110619699257	0.9958816100159243	0.9999450881335455	1	152	153	1	75
NORP83_102	6503	35.10564354913117	0.9996924496386284	0.01424671176474801	34	14.418485702479243	0.1788117973370388	0.8571428571428571	0.9999999999999656	0.0	0.010828816461317723	0.0	0.1793018606796863	0.9926444205238608	0.9998205956225332	1	133	134	1	41
NORP83_103	4467	38.89232146854712	0.965972688605328	0.010485590286139379	42	15.2040461446502	0.2275096486040501	0.8873964629505261	0.9999999999999988	0.0	0.011271844428141107	0.0	0.1844638459816432	0.9959636730575177	1.0	0	59	59	0	16
NORP83_104	11963	43.945582211819776	0.9989133160578452	0.010105517501461048	44	11.801152700078235	0.10790026986511216	0.969656440692134	1.0	0.0	0.009793023305135871	0.0	0.316308618239572	0.9972413793103448	0.9999137931034484	1	159	160	1	32
NORP83_105	5349	40.8891381566648	0.9792484576556366	0.00875437562609771	45	15.656740762387257	0.21409457438295035	0.8846513366984483	0.9999999999999998	0.0	0.007859136344058437	0.0	0.33763320246775097	0.9955621301775148	1.0	0	47	47	0	21
NORP83_106	8709	41.0093007233896	0.9989665862900448	0.010555797063045769	42	14.551156770271385	0.15593309879288586	0.9125043058904582	0.9999999999999998	0.0	0.01213493238795882	0.0	0.2968193822482489	0.9944633194916321	0.9997483327041652	2	124	126	2	44
NORP83_107	3501	35.71750928306198	0.9954298771779492	0.010889398096627591	37	15.778019708940597	0.2666972097640307	0.7986289631533847	0.99999999999998	0.0	0.010224897786465292	0.0	0.20879748643244786	0.9967811158798284	1.0	0	49	49	0	9
NORP83_108	7871	44.031253970270605	0.9904713505272521	0.011152373190650431	46	15.646595350772193	0.17637315547122667	0.925041290814382	1.0	0.0	0.009821924091947487	0.0	0.3975352560030492	0.9957423430847412	1.0	0	118	118	0	31
NORP83_109	4109	38.740082745193476	0.9982964224872232	0.010960009536797544	41	14.288022274748032	0.22292403798101373	0.8530055974689705	0.9999999999999986	0.0	0.00698130093212046	0.0	0.2394743246532003	0.9962910128388016	0.9997146932952924	1	49	50	1	13
NORP83_11	10246	44.026254147960174	1.0	0.010163570947006815	44	11.734671361780135	0.11593510241335117	0.9826273667772788	1.0	0.0	0.00996730661613654	0.0	0.315244973648253	0.9957290425109258	1.0	0	147	147	0	43
NORP83_110	3671	39.9615908471806	0.998365567965132	0.012017448598751312	40	14.2149470359334	0.2346454913340048	0.9368019613184418	0.9999999999999996	0.0	0.01480117548224269	0.0	0.2781258512666848	0.997382960162838	0.9997092177958709	1	62	63	1	9
NORP83_111	7890	47.67629911280101	0.9989860583016476	0.0076225102525872	49	12.064808454073026	0.13583430131337754	0.9801013941698352	1.0	0.0	0.007889966712965824	0.0	0.4939163498098859	0.9970257338678392	1.0	0	63	63	0	23
NORP83_112	3538	29.196438665912947	0.9966082532504241	0.012585571953629415	29	12.262053807363277	0.20617959757440485	0.7444884115319389	0.9999999999936364	0.0	0.012888510176475965	0.0	0.06642170717919729	0.9962034927866364	0.9996203492786636	1	54	55	1	10
NORP83_275	7360	44.653125	0.9989130434782608	0.009930346623829191	45	13.712277445208544	0.15984541755234874	0.9407608695652174	1.0	0.0	0.009405893723808623	0.0	0.3550271739130435	0.9952339688041596	1.0	0	91	91	0	33
NORP83_276	6542	38.59553653317028	0.998624273922348	0.010340728294967794	40	11.942910347206569	0.1476685796356866	0.9232650565576276	0.9999999999999984	0.0	0.010648659525703595	0.0	0.1539284622439621	0.9956953642384104	0.9995033112582782	3	87	90	3	26
NORP83_277	5332	39.04913728432108	0.9893098274568642	0.012703662091516521	40	17.46036732825851	0.2391382434139029	0.8302700675168793	0.9999999999999988	0.0	0.012728321036898138	0.0	0.299324831207802	0.9950304946916648	0.9997741133950756	1	88	89	1	22
NORP83_278	4480	40.739955357142854	1.0	0.01316489828004741	42	11.10921882290334	0.16599422923172344	0.9589285714285716	0.9999999999999998	0.0	0.009167366025053305	0.0	0.1915178571428572	0.9925512104283054	0.9993016759776536	3	95	98	3	32
NORP83_279	4931	46.412086797809785	0.9995944027580612	0.006420004732881846	48	12.493670185022546	0.17793712833864644	0.9701886027175016	1.0	0.0	0.0049766328058366005	0.0	0.4564996958020686	0.9983277591973244	0.9997909698996656	1	23	24	1	8
NORP83_28	5601	41.19068023567221	0.9969648277093376	0.013599890276325357	42	17.08857353280943	0.2283556692445217	0.8823424388502054	1.0	0.0	0.010744861405591388	0.0	0.36654168898411	0.9943342776203966	1.0	0	110	110	0	28
NORP83_280	3120	26.653846153846153	0.8826923076923077	0.013036922285857731	29	16.99249602337857	0.30426324277768163	0.6602564102564102	0.9999999999399202	0.0	0.008435164834116882	0.0	0.05833333333333333	0.9956310679611652	0.999514563106796	1	47	48	1	9
NORP83_281	8168	36.751101860920656	0.9981635651322232	0.013549965448216073	37	11.532451074125033	0.1276116555671816	0.9428256611165524	0.999999999999992	0.0	0.013900653623482806	0.0	0.14985308521057786	0.9941566030385665	0.9993507336709518	5	162	167	5	45
NORP83_282	3429	43.570428696412954	0.9988334791484398	0.011775912294565538	45	14.166306325197615	0.2419559029151077	0.9233012540099156	1.0	0.0	0.011933398760497592	0.0	0.2977544473607466	0.994630448515477	0.9990524320909664	3	55	58	3	17
NORP83_283	4284	35.73529411764706	1.0	0.012996672905373652	37	13.141315376505986	0.20080050504478714	0.8611111111111112	0.9999999999999802	0.0	0.01286580113621505	0.0	0.16176470588235295	0.9934941718622932	1.0	0	72	72	0	24
NORP83_284	12903	41.925056188483296	0.9995349918623576	0.010067654495327871	42	12.756631758710736	0.11230717429110287	0.9758195768425948	1.0	0.0	0.007937821446754922	0.0	0.2532744323025653	0.9957906441108728	0.9998411563815424	2	171	173	2	53
NORP83_285	5138	42.399571817827955	0.9984429739198132	0.01094767153764187	44	12.921843985168435	0.1802891994556008	0.9260412611911251	1.0	0.0	0.007983000794304473	0.0	0.3022576878162709	0.9911727616645648	1.0	0	87	87	0	42
NORP83_286	3397	46.813070356196654	1.0	0.008866198370106826	47	13.084205667071855	0.2245243879989697	0.9549602590521048	1.0	0.0	0.006461581706666997	0.0	0.4206652929055049	0.9956843403205918	0.999691738594328	1	35	36	1	14
NORP83_287	3181	47.06287331027978	0.9990569003458032	0.011174405041725509	50	13.717904157672086	0.2432619614975992	0.9622760138321282	1.0	0.0	0.009456847182730654	0.0	0.5165042439484439	0.9931394968964392	0.9996733093760211	1	48	49	1	21
NORP83_288	3531	25.27980741999433	0.9991503823279524	0.012362370627530985	24	13.098017844089224	0.2204541227537287	0.6578872840555083	0.999999999797862	0.0	0.009275771185164984	0.0	0.06428773718493344	0.9956952216960826	1.0	0	51	51	0	10
NORP83_289	3995	37.52590738423029	0.9989987484355444	0.010180771478836226	36	13.591538895885966	0.2150624564629193	0.9326658322903628	0.999999999999996	0.0	0.00978888909925113	0.0	0.19824780976220274	0.9932903918411164	1.0	0	56	56	0	25
NORP83_29	8338	43.94650995442552	0.9994003358119452	0.012009383382149076	47	13.786902956958821	0.15099473976374145	0.9264811705444952	1.0	0.0	0.010660000164061769	0.0	0.3837850803550012	0.9927508090614888	0.9996116504854368	3	148	151	3	56
NORP83_290	4898	30.27358105349122	0.999387505104124	0.00959115057726878	29	9.917538747272882	0.1417225160472388	0.8791343405471621	0.9999999999975416	0.0	0.012101587322023157	0.0	0.025724785626786442	0.9965164886205294	0.9986065954482118	6	51	57	6	15
NORP83_291	13402	41.570586479629895	0.9991046112520521	0.01063714380165104	43	11.383585174733119	0.09833552885598212	0.9721683330846144	1.0	0.0	0.00938215167751233	0.0	0.2441426652738397	0.9941668585463196	0.9993859851101388	8	193	201	8	76
NORP83_292	3757	43.91455948895396	0.9997338301836572	0.013484589589041751	48	13.644811540626955	0.22264079795625302	0.9528879425073196	1.0	0.0	0.011716840297111508	0.0	0.434655310087836	0.993854748603352	1.0	0	79	79	0	22
NORP83_24	8542	35.188714586747835	0.9997658627955982	0.012196420115277884	34	14.225324057573633	0.15392451987996156	0.8606883633809412	0.999999999999968	0.0	0.007203840160369902	0.0	0.14633575275111216	0.9963275299238302	1.0	0	141	141	0	27
NORP83_240	5660	34.79469964664311	0.9980565371024736	0.012213145493335407	35	11.030374390083333	0.14662918019423346	0.935512367491166	0.9999999999999546	0.0	0.007932394533090137	0.0	0.10035335689045936	0.9964117091595844	0.9998111425873466	1	101	102	1	19
NORP83_241	3390	31.810619469026552	0.9973451327433628	0.008761052441436767	28	18.713366712501337	0.3214520086076201	0.7460176991150442	0.9999999999993672	0.0	0.008870588464229391	0.0	0.21061946902654868	0.9976275207591934	0.9996045867931987	1	29	30	1	6
NORP83_242	4814	42.40257582052347	0.9995845450768592	0.007482789712430549	44	10.377160534170086	0.14957899277076467	0.9628167843788948	1.0	0.0	0.0073153457492841625	0.0	0.24636476942251764	0.9984897518878102	1.0	0	35	35	0	7
NORP83_243	3976	46.24069416498994	0.999748490945674	0.009976869732517546	49	12.997123343736488	0.2061477855504906	0.9766096579476862	1.0	0.0	0.009008732361269313	0.0	0.4781187122736418	0.9953644089621426	1.0	0	53	53	0	18
NORP83_244	3650	36.71972602739726	0.9989041095890412	0.011774129888498241	35	12.931074177228814	0.2140659888174046	0.9356164383561644	0.9999999999999916	0.0	0.007744224166091106	0.0	0.2347945205479452	0.9920937042459737	0.9988286969253294	4	65	69	4	27
NORP83_245	3833	38.0	0.9984346464909992	0.008264319355197669	41	14.125227268800025	0.2281826891167242	0.8638142447169319	0.9999999999999972	0.0	0.005424771967891595	0.0	0.20010435690060005	0.9975838115373	1.0	0	34	34	0	8
NORP83_246	22552	32.78897658744236	0.8803210358283079	0.009040772785940955	39	19.942023919400327	0.1327964087210703	0.7481376374600922	0.9999999999997332	0.0	0.007939440834438205	0.0	0.1950603050727208	0.9965623518255096	0.9998221906116644	3	195	198	3	58
NORP83_247	8135	34.23577135832821	0.9985248924400738	0.013472791195928369	33	14.080180399778856	0.15611913456183374	0.8393362015980332	0.9999999999999256	0.0	0.012542256956434406	0.0	0.15795943454210204	0.9957527826596368	1.0	0	150	150	0	29
NORP83_248	3753	40.90833999467093	0.998134825472955	0.010029018721274041	42	14.803108438431408	0.24166931198216646	0.9078070876632028	0.9999999999999998	0.0	0.008738171705988451	0.0	0.2827071675992539	0.9961843263868506	1.0	0	43	43	0	13
NORP83_249	8393	37.98177052305493	0.999046824734898	0.010491632533013108	39	13.422570582246527	0.14652204072081154	0.8951507208387942	0.9999999999999972	0.0	0.00810944770929678	0.0	0.2307875610627904	0.995740716092107	0.9998668973778784	1	114	115	1	32
NORP83_25	5300	36.91716981132075	0.999811320754717	0.010251714932291156	38	11.66189276804706	0.1602035309864374	0.8962264150943396	0.9999999999999929	0.0	0.0047186442350937155	0.0	0.11132075471698114	0.9917894736842106	0.9993684210526316	3	69	72	3	39
NORP83_250	4464	39.373879928315404	0.9997759856630823	0.010031809519731816	41	13.11452683697074	0.19630853531909265	0.92831541218638	0.9999999999999992	0.0	0.007995261903576467	0.0	0.22692652329749105	0.996138996138996	1.0	0	56	56	0	16
NORP83_251	7155	36.576519916142566	0.9994409503843468	0.01070501724417672	37	11.809061269665234	0.1396178377948729	0.9150244584206848	0.9999999999999906	0.0	0.009834422719764313	0.0	0.12830188679245286	0.9974033908660456	1.0	0	103	103	0	17
NORP83_252	7149	45.302839557980136	0.9998601202965448	0.008178301127853338	47	15.699074906199831	0.18568712399542814	0.9401314869212476	1.0	0.0	0.009302682213551794	0.0	0.4381032312211498	0.9982145514060408	0.99985121261717	1	76	77	1	12
NORP83_253	6846	34.95793163891324	0.9960560911481156	0.010591494807994928	35	14.89413358855708	0.18002321713500818	0.813321647677476	0.9999999999999608	0.0	0.008275375309394484	0.0	0.16549810108092314	0.9973060344827588	0.9998204022988506	1	90	91	1	15
NORP83_254	4185	37.074790919952214	0.9985663082437276	0.012833486225165449	39	14.621040063243004	0.2260385065351769	0.8671445639187575	0.999999999999994	0.0	0.010116338660791646	0.0	0.2062126642771804	0.9914577018462386	1.0	0	73	73	0	31
NORP83_255	5668	45.75776287932251	0.9994707127734652	0.010544676308085643	47	10.474895286784925	0.13914675536531212	0.9763585038814396	1.0	0.0	0.00961101562964528	0.0	0.4100211714890614	0.9947596675099386	1.0	0	85	85	0	29
NORP83_20	12473	32.85640984526577	0.7428044576284775	0.010118997507444829	41	21.485305724254648	0.19238600959778346	0.7242042812474946	0.9999999999997488	0.0	0.009987628971337092	0.0	0.2410807343862744	0.9969002546219418	1.0	0	125	125	0	28
NORP83_200	4790	31.37077244258873	0.8323590814196242	0.009978284263639779	30	21.965257764766694	0.3174050890189229	0.6881002087682673	0.9999999999990671	0.0	0.009395405946792891	0.0	0.2726513569937369	0.9951456310679612	0.9993932038834952	2	54	56	2	16
NORP83_201	5658	38.24478614351361	0.99858607281725	0.011787106203534736	40	12.240736328886351	0.16274754787812504	0.9050901378579004	0.999999999999998	0.0	0.010638888994300766	0.0	0.15270413573700956	0.9939464948252296	1.0	0	88	88	0	31
NORP83_202	3869	32.8919617472215	1.0	0.004820536105814789	33	13.620344581206961	0.21900037688365864	0.8159731196691652	0.9999999999997564	0.0	0.003545660455271937	0.0	0.136986301369863	0.9980994615140956	0.9980994615140956	6	14	20	6	6
NORP83_203	3725	43.678120805369126	0.9978523489932886	0.0073319456517898516	46	11.918279534926775	0.19530291756998028	0.9481879194630872	1.0	0.0	0.005950931667911386	0.0	0.3457718120805369	0.9966024915062288	1.0	0	28	28	0	12
NORP83_204	3791	31.73067792139277	0.9963070429965708	0.012236695720368118	33	12.749437092561926	0.20709585443157105	0.7847533632286996	0.999999999999321	0.0	0.0077947168980004875	0.0	0.06990240042205223	0.9932773109243698	1.0	0	59	59	0	20
NORP83_205	3475	35.89525179856115	0.9997122302158272	0.01222848740940452	35	12.037206966539312	0.2042259010017668	0.9297841726618704	0.9999999999999828	0.0	0.009135319451068269	0.0	0.13525179856115108	0.9919529557412564	1.0	0	60	60	0	26
NORP83_206	4012	41.55558325024925	1.0	0.006137920548711096	45	14.102906626219823	0.2226805572851802	0.8998005982053838	1.0	0.0	0.004903975612162047	0.0	0.32602193419740777	0.9994459833795014	1.0	0	14	14	0	2
NORP83_207	3870	40.14005167958656	0.997157622739018	0.012324500673494776	41	14.3240288169117	0.2302850905685249	0.903875968992248	0.9999999999999996	0.0	0.014577412996938375	0.0	0.2516795865633075	0.9962835906232133	1.0	0	62	62	0	13
NORP83_208	4077	38.68653421633554	0.9943585970076037	0.01514762935663594	41	11.564997883410356	0.1811458838000065	0.9296051017905322	0.9999999999999986	0.0	0.0092401487898206	0.0	0.13195977434388032	0.9902374670184696	1.0	0	92	92	0	37
NORP83_209	3358	31.43240023823705	0.9937462775461584	0.012315259180662784	33	11.961001684749686	0.2064390638240744	0.8129839189994044	0.9999999999991164	0.0	0.006522667010625205	0.0	0.044669446098868366	0.9948717948717948	0.9996336996336996	1	57	58	1	14
NORP83_21	3447	42.56483899042646	0.9976791412822744	0.011752815375025594	45	13.270186176616571	0.226057738916129	0.9100667246881348	1.0	0.0	0.009416578623352878	0.0	0.3289817232375979	0.9952183614918712	0.999681224099458	1	53	54	1	15
NORP83_210	3307	31.95827033565165	0.9655276685817962	0.009837067226811769	33	16.118027790919705	0.2803241252645619	0.7420622921076504	0.9999999999994448	0.0	0.006727928111145086	0.0	0.13426065920774116	0.9947025264873676	1.0	0	35	35	0	13
NORP83_211	19100	43.08287958115183	0.9993193717277488	0.007767257021462638	43	10.508161379725662	0.07603637773398728	0.9842931937172776	1.0	0.0	0.007447626548982344	0.0	0.26910994764397905	0.996808510638298	0.9999468085106384	1	152	153	1	60
NORP83_212	4280	34.75	0.9981308411214952	0.010213220555487013	32	15.427070666390117	0.2358372084934387	0.8432242990654205	0.9999999999999528	0.0	0.014840083729499074	0.0	0.22383177570093454	0.9986145746744249	0.9997229149348851	1	64	65	1	5
NORP83_213	5902	41.74534056252118	0.9981362250084715	0.012443677894870664	43	13.169580840571394	0.17143881067359362	0.9506946797695696	1.0	0.0	0.010183296688310415	0.0	0.30837004405286345	0.9914453751559436	0.9994653359472464	2	102	104	3	48
NORP83_214	10942	43.37324072381649	0.9946079327362456	0.00885765966825458	44	13.435983479595663	0.1284520241149206	0.9507402668616342	1.0	0.0	0.0075715671769379655	0.0	0.3394260647048072	0.9964433336537536	0.9996154955301356	4	114	118	4	37
NORP83_215	5363	43.63583815028902	0.9983218347939586	0.010310986635178487	44	12.70806908756301	0.17354662105081847	0.9612157374603768	1.0	0.0	0.009694444636503818	0.0	0.3490583628566101	0.9955383123181376	1.0	0	77	77	0	23
NORP83_216	4961	43.06147954041524	0.9993952832090304	0.0105679192983269	45	14.518269001484663	0.20614556730438832	0.9060673251360613	1.0	0.0	0.01077797372173106	0.0	0.3660552308002419	0.9935483870967742	0.999777530589544	1	57	58	1	29
NORP83_217	3263	31.004290530186942	0.996935335580754	0.007031349543873744	33	12.048298195440092	0.21095203993646355	0.7986515476555317	0.9999999999987104	0.0	0.0023512193342534182	0.0	0.02513024823781796	0.9961627014581734	1.0	0	25	25	0	10
NORP83_218	3298	38.34718010915706	0.9993935718617344	0.010880415459640913	40	13.305245466958752	0.23171994547717756	0.9020618556701032	0.9999999999999979	0.0	0.010717557404787524	0.0	0.19860521528198907	0.9976470588235294	1.0	0	46	46	0	7
NORP83_35	3731	34.40257303671938	0.9932993835432858	0.011926539654270707	36	13.576168037971605	0.2222914654275812	0.8675958188153309	0.9999999999999358	0.0	0.014175163634722043	0.0	0.12302331814526934	0.9932035835650294	0.9981464318813716	6	58	64	6	22
NORP83_350	4474	41.83951721054984	0.9982118909253463	0.010653091030624062	43	13.995183836618097	0.2092565970566884	0.9360751005811354	1.0	0.0	0.009926479924876386	0.0	0.35873938310236925	0.994269340974212	0.9990448901623686	4	70	74	4	24
NORP83_351	9760	37.641393442622956	0.999282786885246	0.009990387133292809	39	13.941699735001487	0.14112796069954486	0.8457991803278688	0.9999999999999964	0.0	0.008719290238237476	0.0	0.21936475409836065	0.9972138098122352	0.999878861296184	1	110	111	1	23
NORP83_352	14673	40.90717644653445	0.9997955428337764	0.008074179639945944	41	9.348050827371578	0.07717495873092596	0.9828255980372111	0.9999999999999998	0.0	0.0060310422184726145	0.0	0.15368363661146325	0.9977810137993204	0.9999306566812288	1	131	132	1	32
NORP83_353	3705	49.68556005398111	0.9994601889338732	0.00998112419789865	51	13.828218108251056	0.2272117213526236	0.9627530364372471	1.0	0.0	0.00900515771640864	0.0	0.5651821862348179	0.9938323521166246	1.0	0	46	46	0	22
NORP83_354	7685	45.2644111906311	0.9992192582953806	0.00773132896619011	47	14.963824155996553	0.17070605185211282	0.9354586857514638	1.0	0.0	0.005367186578154493	0.0	0.41717631750162654	0.9973570733064404	0.999304492975379	5	60	65	5	19
NORP83_355	3220	30.725465838509315	0.9990683229813664	0.008419942404772729	29	12.747077509431007	0.2246726140028994	0.8618012422360248	0.9999999999983504	0.0	0.012435530352387536	0.0	0.10838509316770187	0.9992792792792792	0.9996396396396396	1	28	29	1	2
NORP83_356	8931	40.9058336132572	0.975590639346098	0.010086008632218424	43	14.612111638100954	0.15462768437573002	0.905609674168626	0.9999999999999998	0.0	0.010536956652906326	0.0	0.28843354607546745	0.9967853610286844	1.0	0	112	112	0	26
NORP83_357	3422	41.260374050262996	0.9976621858562243	0.013482465143413449	42	15.56805732080211	0.2661692524634764	0.9170075978959672	1.0	0.0	0.00949590170725445	0.0	0.2852133255406195	0.9974506054811982	1.0	0	69	69	0	8
NORP83_358	5051	32.30310829538705	0.9976242328251832	0.011738451691065688	32	10.992851848540493	0.1546908714043388	0.8865571174024945	0.9999999999995904	0.0	0.01485993920480799	0.0	0.06473965551375965	0.991960696739616	0.9997766860205448	1	80	81	1	36
NORP83_359	3166	37.863866077068856	0.9974731522425774	0.009565497317476912	38	13.853469320609241	0.24624742063560315	0.8973468098547063	0.999999999999997	0.0	0.00821597007290942	0.0	0.16614024005053696	0.9985920450545582	0.9996480112636396	1	38	39	1	4
NORP83_36	5301	44.74929258630446	0.9964157706093191	0.009958954933275256	46	12.2414541361521	0.1681493043693864	0.969251084701	1.0	0.0	0.009257907538224863	0.0	0.3948311639313337	0.9978590891397432	0.9996107434799532	1	64	65	2	11
NORP83_360	15774	41.306200076074546	0.999556231773805	0.007933451031919891	42	10.855416005489976	0.08643493697322988	0.9717256244452898	1.0	0.0	0.008123925905328844	0.0	0.2390008875364524	0.9983037578288101	1.0	0	141	141	0	26
NORP83_361	7588	33.789799683711124	0.9981549815498156	0.011717997846416585	35	16.26683358455549	0.18675316969433767	0.6996573537163943	0.9999999999998898	0.0	0.009459240640266042	0.0	0.20822351080653664	0.996421171595404	1.0	0	98	98	0	19
NORP83_362	3278	19.88010982306284	0.9334960341671752	0.015760919831406598	20	9.725329124997529	0.169889323492258	0.5076266015863331	0.9999999762132462	0.0			0.0	0.994591346153846	0.9963942307692308	6	49	55	6	9
NORP83_363	4609	29.441961379908875	0.9976133651551312	0.009660268586050513	28	10.857573419388652	0.15994716233501094	0.8448687350835322	0.9999999999948768	0.0	0.02572631574513617	0.0	0.024734215665003254	0.9989727786337956	0.9994863893168978	2	51	53	2	4
NORP83_364	3829	42.666231392008356	0.9963436928702012	0.00860040593008704	44	14.002214537000556	0.2263136572496893	0.9435884042831026	1.0	0.0	0.008043097877743266	0.0	0.3102637764429355	0.9958483254912814	1.0	0	37	37	0	15
NORP83_365	3681	38.314316761749524	0.9934800325998371	0.005151774964871847	41	12.0808574368872	0.1991470373940424	0.91279543602282	0.9999999999999979	0.0	0.004229249101382449	0.0	0.13746264602010325	0.9964285714285714	0.9973214285714286	9	7	16	9	12
NORP83_366	3847	35.806342604626984	0.9188978424746556	0.009380444567254287	40	17.031620352224724	0.27463211899891354	0.8307772290096179	0.9999999999999816	0.0	0.00878465788005145	0.0	0.18975825318429945	0.9946808510638298	1.0	0	45	45	0	17
NORP83_367	3207	37.107577174929844	0.9943872778297476	0.011460531711661837	40	13.776489758192284	0.2433082385729007	0.8905519176800748	0.999999999999994	0.0	0.0074254959061867964	0.0	0.2201434362332398	0.9954481792717088	1.0	0	48	48	0	13
NORP83_131	5438	36.82144170650975	0.9998161088635528	0.008004313322429346	35	13.108745525380234	0.17777941233425448	0.9396837072453108	0.9999999999999925	0.0	0.006887783875336506	0.0	0.1700993012136815	0.9970645792563599	0.9988258317025441	6	53	59	6	15
NORP83_132	4612	44.462272333044226	0.995880312228968	0.010257040367577795	46	13.0210520331779	0.1917558019570612	0.9347354726799652	1.0	0.0	0.009724012225594604	0.0	0.3566782307025152	0.9944328462073764	0.9995360705172812	2	60	62	2	24
NORP83_133	26526	44.65758124104652	0.9997738068310336	0.010623318332259823	45	12.209391699070412	0.07496634385560932	0.9758350297821006	1.0	0.0	0.008943477467052041	0.0	0.3438890145517605	0.9938188139849332	0.9996136758740584	10	394	404	10	160
NORP83_134	5798	32.266126250431185	0.9746464298033805	0.01488376573697281	31	15.684752040342257	0.20600416790167603	0.790272507761297	0.9999999999995768	0.0	0.013617726649392758	0.0	0.1790272507761297	0.9949803579223048	0.999781754692274	1	116	117	1	23
NORP83_135	4799	44.82413002708898	0.99562408835174	0.011994351785336256	48	13.116398813926823	0.18935836341972007	0.9433215253177746	1.0	0.0	0.010625803435255432	0.0	0.4215461554490519	0.9951402694941462	1.0	0	82	82	0	22
NORP83_136	5961	35.48079181345412	1.0	0.006769553687598351	24	42.29565387799785	0.5478638101980553	0.7434994128501929	0.9999999999999752	0.0	0.014076119483406813	0.0	0.08991779902700889	0.996615523465704	0.9997743682310468	1	33	34	1	15
NORP83_137	5422	37.92677978605681	0.9981556621173	0.0119423022504076	36	14.454956376495176	0.19632566704896412	0.9288085577277756	0.9999999999999972	0.0	0.009648648619249078	0.0	0.2183696053116931	0.9932486100079428	0.9988085782366958	5	92	97	6	34
NORP83_138	5612	28.650392017106203	0.9994654312188168	0.011937031073563031	27	12.739914806749828	0.1700773143842517	0.7099073414112615	0.999999999989694	0.0	0.011307692298522356	0.0	0.06486101211689238	0.9954819277108434	1.0	0	73	73	0	18
NORP83_139	3138	30.746335245379218	1.0	0.01423946561316092	31	10.630956439420906	0.18980824746439132	0.8556405353728489	0.9999999999983806	0.0	0.012440816480286276	0.0	0.03123008285532186	0.991806331471136	1.0	0	68	68	0	22
NORP83_14	3564	18.716329966329965	0.8448372615039281	0.01883913291397921	21	14.22358549333409	0.2382874536122857	0.5218855218855218	0.999999933530282	0.0	0.01742857268878395	0.0	0.007856341189674524	0.9903225806451612	0.9978494623655914	3	74	77	4	18
NORP83_140	6430	46.1769828926905	0.999222395023328	0.011773421638188508	47	14.190015730014494	0.17697469152408907	0.9594090202177294	1.0	0.0	0.009134939927832209	0.0	0.4130637636080871	0.9949748743718592	1.0	0	106	106	0	31
NORP83_141	5214	46.09858074415036	0.9986574606827772	0.008648795841329271	47	11.634450528743255	0.16113950113836012	0.9679708477176832	1.0	0.0	0.008204659927924518	0.0	0.411584196394323	0.9978204874182682	1.0	0	50	50	0	11
NORP83_142	11312	40.47560113154172	0.9985855728429984	0.013094677074719008	41	12.59490586048175	0.1184252811799993	0.9680869872701556	0.9999999999999996	0.0	0.013291076523344604	0.0	0.2209158415841584	0.9942471007213952	0.9996347365537394	4	235	239	4	63
NORP83_143	4899	29.088181261481928	0.998571136966728	0.0101039753072093	28	13.781278556053007	0.19691559890206994	0.704633598693611	0.9999999999929984	0.0	0.009812987082964408	0.0	0.09430496019595837	0.995654692931634	1.0	0	47	47	0	15
NORP83_144	16274	43.59321617303674	0.9983409118839868	0.007878889635729802	44	11.645170543752775	0.09128765287646616	0.9618409733316948	1.0	0.0	0.006391168056290808	0.0	0.317254516406538	0.996550182073724	0.9995528013799272	7	138	145	7	54
NORP83_145	14698	46.450809633963814	0.9982310518437882	0.008775214229577055	48	14.366347959451044	0.11850373371560878	0.9328480065315008	1.0	0.0	0.008699985125142473	0.0	0.453326983263029	0.9974473050835096	0.9995623951571729	5	130	135	6	35
NORP83_328	3558	40.35160202360878	0.9994378864530636	0.009766877992904988	42	11.774596871978304	0.1974258945377171	0.9376053962900506	0.9999999999999996	0.0	0.006501253162111586	0.0	0.224283305227656	0.9976019184652278	1.0	0	47	47	0	8
NORP83_329	4338	38.87713231904103	1.0	0.01204018947321317	40	12.98045762691951	0.19710393412992394	0.9186260949746426	0.9999999999999988	0.0	0.008680658575929256	0.0	0.22406639004149376	0.9937264742785444	1.0	0	79	79	0	25
NORP83_33	3130	42.42076677316294	0.9971246006389776	0.010324525036514265	43	14.061308595292935	0.2513755060982954	0.94185303514377	1.0	0.0	0.010573354688731662	0.0	0.3980830670926517	0.9972862957937584	1.0	0	45	45	0	8
NORP83_330	3871	43.254456212864895	1.0	0.011959427260011979	43	13.12594596244488	0.2109964408195248	0.9648669594420046	1.0	0.0	0.012502261089242015	0.0	0.2970808576595195	0.997322623828648	0.9997322623828648	1	74	75	1	10
NORP83_331	3257	39.5934909425852	0.999078906969604	0.009326963479133863	40	10.668962816505466	0.18697347660050925	0.9410500460546516	0.9999999999999992	0.0	0.008516854226365944	0.0	0.16395455941050047	0.995432300163132	1.0	0	35	35	0	14
NORP83_332	7218	42.235937932945404	0.9997229149348851	0.00986467372989952	43	12.200329759136428	0.1436128221343793	0.9488778054862844	1.0	0.0	0.009260915560831529	0.0	0.314768633970629	0.9957658052270404	1.0	0	83	83	0	29
NORP83_333	3565	32.25217391304348	0.9974754558204768	0.013177704024711634	33	18.224440655602734	0.3052708670138023	0.7079943899018233	0.9999999999995716	0.0	0.010771241764617079	0.0	0.21458625525946706	0.996434231378764	1.0	0	57	57	0	9
NORP83_334	5909	35.12963276358098	0.995769165679472	0.009402097108691887	36	12.923998395393438	0.16814217158491146	0.8554746996107633	0.9999999999999662	0.0	0.009483378735809957	0.0	0.12421729565070233	0.9960435212660732	0.9998021760633036	1	64	65	1	20
NORP83_335	9402	36.54243777919592	0.9988300361625186	0.009216466537490642	37	12.586089704291375	0.1298086987488596	0.8878961922995108	0.9999999999999905	0.0	0.008200254941442164	0.0	0.1669857477132525	0.9948490656444656	0.9992812649736464	6	101	107	6	43
NORP83_336	10344	49.64172467130704	1.0	0.01091927354959521	50	10.754269604964303	0.10574446821870688	0.9884957463263728	1.0	0.0	0.010631107845328058	0.0	0.5096674400618716	0.9933496332518338	0.9999022004889976	1	157	158	1	68
NORP83_337	3430	41.0	0.9988338192419826	0.010851048979477085	45	14.053894597326734	0.2400009437577255	0.8967930029154519	0.9999999999999998	0.0	0.010915179590402444	0.0	0.31690962099125364	0.9928478543563068	0.9996749024707412	1	50	51	1	22
NORP83_338	3613	41.80265707168557	0.9994464433988376	0.009752692486878932	43	11.979781547524473	0.19933108370750066	0.9490727926930528	1.0	0.0	0.0072828829288482675	0.0	0.24577913091613615	0.9976669582968796	0.99970836978711	1	44	45	1	8
NORP83_339	7624	42.60794858342078	0.9997376705141658	0.007722768564726312	44	11.640622271703839	0.1333255049219399	0.9616998950682056	1.0	0.0	0.006497116393821223	0.0	0.2820041972717733	0.9969994544462628	0.9997272231314784	2	61	63	2	22
NORP83_34	3589	35.3429924770131	0.998885483421566	0.008770292257218594	36	9.66099631981902	0.1612856391107931	0.928949568124826	0.999999999999972	0.0	0.005646043544192958	0.0	0.03872945110058512	0.9952009598080384	1.0	0	34	34	0	16
NORP83_340	4374	43.70347508001829	0.997485139460448	0.010361934205263991	46	13.98562531331316	0.21149112640485854	0.9266117969821672	1.0	0.0	0.009933485257055286	0.0	0.4014631915866484	0.99259807549963	1.0	0	56	56	0	30
NORP83_341	3258	28.030079803560465	0.9699201964395334	0.010804318322519824	27	14.039484924626636	0.2460040718395264	0.7323511356660528	0.9999999999821776	0.0	0.009119434828471771	0.0	0.08686310620012277	0.9987426655490358	1.0	0	40	40	0	3
NORP83_342	7029	35.162896571347275	0.9995731967562952	0.009234857015260613	35	13.364520096673825	0.159418049796115	0.8511879356949781	0.9999999999999672	0.0	0.007992248202479124	0.0	0.14682031583440033	0.9981614574628112	1.0	0	74	74	0	11
NORP83_343	4860	45.34156378600822	0.998971193415638	0.007769363825647191	45	13.925884092592995	0.19977876617589585	0.9629629629629628	1.0	0.0	0.008675500229001099	0.0	0.3292181069958848	0.9952991452991452	0.9995726495726496	2	38	40	2	22
NORP83_344	8160	40.346813725490186	0.9979166666666668	0.01039961155631708	41	12.659107573345649	0.14014726402561895	0.9400735294117648	0.9999999999999996	0.0	0.008542276570588592	0.0	0.2411764705882353	0.9955677225915788	1.0	0	109	109	0	34
NORP83_345	3050	42.816065573770494	0.9963934426229508	0.013541095099552371	45	14.042882950785804	0.254318271845304	0.9544262295081968	1.0	0.0	0.01463901049516858	0.0	0.3445901639344262	0.990724836825833	1.0	0	60	60	0	27
NORP83_346	5394	35.00908416759362	0.9784946236559141	0.0076533083008965	35	20.08710432755758	0.27352821103126	0.7497219132369299	0.9999999999999624	0.0	0.008590971335014519	0.0	0.2710418984056359	0.9960435212660732	0.9990108803165184	4	28	32	4	16
NORP83_347	4346	33.2982052462034	0.9967786470317532	0.011336991657426077	35	13.545593153481365	0.20549588841730906	0.8025770823745974	0.99999999999983	0.0	0.00819595152067265	0.0	0.11366774045098943	0.9954128440366972	1.0	0	58	58	0	16
NORP83_348	6082	46.4848733969089	0.987010851693522	0.011200250554610271	48	14.043334471204751	0.18008715529179165	0.962347911871095	1.0	0.0	0.00875666060783864	0.0	0.4431108188096021	0.9953869810353664	0.9998291474457544	1	99	100	1	27
NORP83_349	3524	31.267026106696928	0.9997162315550512	0.01009239908432802	30	11.480029153383805	0.19341344895702475	0.8456299659477866	0.9999999999989776	0.0	0.01219298233065691	0.0	0.06469920544835414	0.9963087248322148	1.0	0	51	51	0	11
NORP83_256	3664	37.435862445414855	0.9991812227074236	0.011321871219700295	36	14.911958944480258	0.2463861208479683	0.8698144104803494	0.9999999999999956	0.0	0.01021690433181588	0.0	0.2873908296943232	0.9959209287731408	0.9993724505804832	1	50	51	2	13
NORP83_257	3511	35.61577898034748	0.9977214468812304	0.009720986361843155	36	11.023326369602781	0.1860626095118036	0.9199658217032184	0.9999999999999781	0.0	0.011341714518410815	0.0	0.0996866989461692	0.9962848297213622	1.0	0	41	41	0	12
NORP83_258	4112	45.91536964980545	0.9987840466926071	0.013117380918507116	47	11.1217894051061	0.17346063380297885	0.9698443579766536	1.0	0.0	0.011421066421836157	0.0	0.3740272373540856	0.9942326980942828	1.0	0	78	78	0	23
NORP83_259	8992	39.41236654804271	0.9973309608540926	0.009738880604828859	41	11.452113594762787	0.12077627985261108	0.9327179715302492	0.9999999999999992	0.0	0.01137142876784003	0.0	0.16814946619217086	0.9964230356504112	0.9997615357100276	2	107	109	2	30
NORP83_26	10938	48.358749314317066	0.9745840190162736	0.010644643118583486	53	18.549849981307172	0.17737454549381634	0.90016456390565	1.0	0.0	0.009366181405984329	0.0	0.5774364600475407	0.9926873857404022	0.9995937436522444	4	146	150	4	72
NORP83_260	4427	40.02688050598599	0.9934492884571944	0.010112220162221242	42	14.77280544493001	0.22205332134942765	0.8911226564264739	0.9999999999999996	0.0	0.008391489576786149	0.0	0.2654167607860854	0.9949302915082384	1.0	0	57	57	0	20
NORP83_261	8417	44.270999168349775	1.0	0.008888854028625714	44	13.216751851773012	0.1440694415268602	0.9744564571700132	1.0	0.0	0.0064977512902941745	0.0	0.3169775454437448	0.9964642770056084	0.9998780785174348	1	93	94	1	29
NORP83_262	3772	38.06998939554613	0.9994697773064688	0.012490238360178596	38	12.677744994024119	0.20644945737302492	0.9406150583244964	0.9999999999999974	0.0	0.015873997296479314	0.0	0.17841993637327674	0.9963359639233372	1.0	0	70	70	0	13
NORP83_263	3142	41.43443666454488	0.996499045194144	0.01174850574122177	43	14.536067589457462	0.2593659529265479	0.906747294716741	1.0	0.0	0.013315151586677064	0.0	0.29408020369191595	0.994032994032994	1.0	0	53	53	0	17
NORP83_264	5111	45.06476227744081	0.9998043435726864	0.01068563181724924	47	13.680720515040035	0.1913808683059761	0.9610643709645862	1.0	0.0	0.008543079250095231	0.0	0.428291919389552	0.9936889250814332	0.9995928338762216	2	74	76	2	31
NORP83_265	4772	42.08549874266555	0.999371332774518	0.012736884279526016	42	13.897776092794073	0.2012058493735751	0.959555741827326	1.0	0.0	0.009959857849888063	0.0	0.29442581726739314	0.9941035160515396	1.0	0	85	85	0	27
NORP83_266	6536	40.96924724602203	0.9992350061199512	0.008432936709680594	44	18.419566200570653	0.2278539710808048	0.8835679314565483	0.9999999999999998	0.0	0.008357056472208635	0.0	0.3534271725826193	0.998095238095238	1.0	0	60	60	0	11
NORP83_267	10895	38.01991739329968	0.9998164295548416	0.01072944046290947	38	12.009513889301848	0.11506195354583992	0.9296007342817806	0.9999999999999972	0.0	0.010204919029567215	0.0	0.17540156034878385	0.99565560821485	0.9997037914691944	3	179	182	3	44
NORP83_268	4403	38.396320690438344	0.9986372927549398	0.010521831277508607	39	14.651290971770795	0.2208263399322668	0.8723597547126959	0.999999999999998	0.0	0.010491896822106495	0.0	0.25505337270043155	0.996355115855246	1.0	0	63	63	0	14
NORP83_269	5253	44.974300399771565	0.9996192651818008	0.011350155028582831	46	11.866151250851505	0.16373726092322158	0.971254521225966	1.0	0.0	0.010832110214807568	0.0	0.3320007614696364	0.9943159545276362	0.9998039984319874	1	81	82	1	29
NORP83_27	4156	41.49230028873917	0.9985563041385948	0.011098884278908372	42	14.276932012259678	0.22148757964741736	0.9547641963426372	1.0	0.0	0.009566952637741544	0.0	0.30871029836381136	0.9954637096774194	1.0	0	63	63	0	18
NORP83_270	4011	41.39117427075542	0.9995013712291201	0.01379105904680522	45	18.149461528360288	0.2866101446300278	0.8327100473697332	1.0	0.0	0.012182313041622095	0.0	0.3664921465968585	0.9937125748502994	0.9994011976047904	2	86	88	2	21
NORP83_271	5244	48.853356216628534	0.9969488939740656	0.00951031774053157	50	13.798845222266802	0.1905692454722677	0.9666285278413425	1.0	0.0	0.008705298889852608	0.0	0.5074370709382151	0.9968435588873544	1.0	0	62	62	0	16
NORP83_272	3443	39.879756026720884	0.9985477781004938	0.009134645009981623	41	14.006494271862008	0.23873935434020835	0.9053151321521928	0.9999999999999994	0.0	0.00995023065631473	0.0	0.18907929131571305	0.9958293230670516	1.0	0	34	34	0	13
NORP83_273	5008	32.973242811501606	0.987020766773163	0.012524758109603741	35	16.574924371431635	0.2342409171207726	0.7486022364217252	0.9999999999997734	0.0	0.010689533523473016	0.0	0.15834664536741214	0.9911976527073888	0.9989330488130168	4	72	76	4	33
NORP83_274	7792	40.987294661190965	0.9997433264887065	0.005320323028274565	42	13.54817693743181	0.1534914743402898	0.9036190965092402	0.9999999999999998	0.0	0.004842148862840735	0.0	0.24845995893223816	0.9988637977560004	0.999715949439	2	19	21	2	8
NORP83_50	5106	36.127105366235796	0.9966705836271054	0.009665786108022822	38	12.38890710732814	0.17339442240921704	0.8975714845280063	0.999999999999986	0.0	0.007001620733950498	0.0	0.12083822953388172	0.9969452323805368	0.9997818023128956	1	61	62	1	14
NORP83_51	4703	33.09589623644482	0.967892834361046	0.008388412030306491	14	49.82712139523707	0.7266486742111447	0.3212842866255581	0.9999999999997966	0.0	0.006509827051548567	0.0	0.1471401233255369	0.99867637326274	0.9993381866313701	1	16	17	1	2
NORP83_52	3565	26.981206171108	0.99382889200561	0.012016016148751809	28	12.546974745461311	0.21016973477151568	0.7304347826086957	0.999999999955002	0.0	0.013317648102255442	0.0	0.004768583450210378	0.9950076804915514	0.9965437788018432	9	54	63	9	13
NORP83_53	28443	41.730794923179694	0.9988749428681926	0.008794234592089391	42	11.19412797398138	0.06637586618150401	0.9745104243574868	1.0	0.0	0.007492139072842407	0.0	0.23077734416200826	0.9969694783173392	1.0	0	295	295	0	84
NORP83_54	3389	37.52345824727058	0.9985246385364416	0.011786544322967552	38	11.786401648301766	0.2024927767125211	0.9280023605783416	0.999999999999996	0.0	0.013217391586115236	0.0	0.14930658011212747	0.9968203497615262	0.9996820349761526	1	59	60	1	10
NORP83_55	3632	39.188876651982376	0.9977973568281938	0.011089039098028164	41	11.914393049319965	0.19772373181055355	0.9419052863436124	0.9999999999999992	0.0	0.01156328532142914	0.0	0.2279735682819383	0.9923998830751244	1.0	0	55	55	0	26
NORP83_56	13474	44.396393053287824	0.9988867448419178	0.009704979533496472	46	11.933123057663309	0.10280682910748698	0.9661570431943002	1.0	0.0	0.008591799030543745	0.0	0.3601751521448716	0.9964664310954064	0.9999231832846828	1	168	169	1	46
NORP83_57	3062	40.55388634879164	0.9977139124755062	0.010278903276916941	39	15.246854123515623	0.2755805612838447	0.9170476812540824	0.9999999999999996	0.0	0.008313924161229447	0.0	0.3354016982364468	0.9982193732193732	1.0	0	38	38	0	5
NORP83_58	4033	28.05157451029011	0.9747086536077362	0.011875324737170569	29	9.971684092242006	0.157039263455781	0.8227126208777585	0.9999999999825124	0.0	0.06373333930969237	0.0	0.0014877262583684605	0.9954792043399638	1.0	0	71	71	0	15
NORP83_59	4618	56.13923776526635	0.9917713295799048	0.005809197042516146	60	21.71342481650973	0.3195570416907361	0.9010394110004329	1.0	0.0	0.005682684458823473	0.0	0.7228237332178432	0.9997596731554914	0.9997596731554914	1	11	12	1	1
NORP83_6	5990	29.81686143572621	0.9734557595993322	0.0123734023012676	30	15.275402210317635	0.19738561437592367	0.7520868113522537	0.9999999999963206	0.0	0.007816216329465053	0.0	0.0988313856427379	0.9946725860155384	0.9995560488346282	1	96	97	2	24
NORP83_60	4872	37.55090311986864	1.0	0.012030716071713687	37	13.401493802191878	0.19201897410297472	0.913793103448276	0.999999999999996	0.0	0.011550684964353521	0.0	0.20977011494252876	0.9946091644204852	1.0	0	93	93	0	24
NORP83_61	6891	43.080104484109704	0.9670584820780728	0.011069090575254405	45	16.066433434809376	0.1935574393789096	0.9291829923088086	1.0	0.0	0.009800000184122635	0.0	0.3662748512552605	0.9948461658597532	0.9996876464157426	2	102	104	2	33
NORP83_62	4218	41.45969653864391	0.9978662873399716	0.011160703603767865	42	11.494073022833831	0.1769995455932108	0.9497392128971076	1.0	0.0	0.00795241317363704	0.0	0.2112375533428165	0.992261607588617	0.99800299550674	8	67	75	8	31
NORP83_63	8488	39.557257304429776	0.9743166823751178	0.009287992033117476	41	15.345050245272255	0.16656786291208633	0.8831291234684259	0.9999999999999992	0.0	0.008572154311471958	0.0	0.27839302544769085	0.9953308431163288	1.0	0	85	85	0	35
NORP83_64	6872	39.466530849825375	0.9965075669383004	0.011100905573657172	40	11.997018341345305	0.1447315951036441	0.9479045401629802	0.9999999999999992	0.0	0.011504046403603696	0.0	0.20139697322467984	0.9976972674240098	0.9998464844949341	1	112	113	1	15
NORP83_65	3128	44.10869565217392	0.9993606138107416	0.008690887052282381	46	14.437304304740527	0.2581797463937299	0.9328644501278772	1.0	0.0	0.007564753462638073	0.0	0.395460358056266	0.9955448937628512	1.0	0	34	34	0	13
NORP83_66	3603	35.33527615875659	0.999444907021926	0.01037711385006157	38	11.682911489502844	0.19466112646457395	0.88759367194005	0.9999999999999718	0.0	0.010571179431598798	0.0	0.06355814598945324	0.9959349593495936	1.0	0	44	44	0	13
NORP83_293	3490	28.59025787965616	0.9997134670487106	0.011816366607665165	27	13.527644080724436	0.22901908937969226	0.6836676217765043	0.9999999999891321	0.0	0.00884594607192113	0.0	0.08481375358166189	0.9941324392288348	0.9995808885163452	1	43	44	1	14
NORP83_294	6576	43.336830900243314	0.9984793187347932	0.009043470267689924	44	13.572980841911955	0.1673891706137808	0.943278588807786	1.0	0.0	0.007871484777228877	0.0	0.3493004866180049	0.9958084797678542	0.9996775753667579	2	75	77	2	26
NORP83_295	7072	46.5	0.9991515837104072	0.004710514642120467	49	12.972658770106106	0.15427252084118434	0.9659219457013576	1.0	0.0	0.004464493142321113	0.0	0.4727092760180995	0.9994144341970428	0.9997072170985214	2	13	15	2	4
NORP83_296	6131	40.02740172891861	0.9991844723536129	0.010369367003745134	40	11.046035817254213	0.1410834950431228	0.9585711955635297	0.9999999999999996	0.0	0.0060621794695273614	0.0	0.20355570053824826	0.994725199931938	0.9996596903181896	2	91	93	2	31
NORP83_297	12443	46.96801414449892	1.0	0.006121019439901509	48	12.733014285198534	0.11415268415044738	0.968335610383348	1.0	0.0	0.005035955609142162	0.0	0.4403278952021217	0.9980081334550586	0.9999170055606276	1	60	61	1	24
NORP83_298	3010	51.70332225913622	0.9993355481727576	0.008349356941101393	56	21.337674842872072	0.3889878164365012	0.926578073089701	1.0	0.0	0.007116198893757142	0.0	0.6152823920265781	0.9989243456436	0.9996414485478666	1	22	23	1	3
NORP83_299	9276	37.55293229840449	0.994933160845192	0.009719434118414916	36	14.623988523830842	0.1518479308627296	0.9278783958602846	0.999999999999996	0.0	0.010028675333774271	0.0	0.23760241483398015	0.9977924944812362	0.9996514464970372	2	116	118	3	19
NORP83_3	15589	40.85964462120726	1.0	0.009308306235919495	41	10.444299204669344	0.08365349808369181	0.9661941112322792	0.9999999999999998	0.0	0.008465648014284066	0.0	0.19308486753480014	0.995883680786084	1.0	0	187	187	0	62
NORP83_30	4571	45.28637059724349	1.0	0.013056401239468385	44	13.154103539315717	0.19458222088201732	0.9741850798512359	1.0	0.0	0.012022364743587644	0.0	0.37562896521548894	0.9912418594206152	0.9997754322928364	1	92	93	1	39
NORP83_300	4008	43.00798403193613	0.997005988023952	0.010496043052390713	44	13.543157014665995	0.21394899084192984	0.9595808383233532	1.0	0.0	0.008045584048301023	0.0	0.3502994011976048	0.9940197607904316	0.999479979199168	2	56	58	2	23
NORP83_301	3202	33.33853841349157	0.9946908182386008	0.010029762633646857	34	9.688673857228082	0.17124641946581232	0.9316052467207996	0.9999999999998358	0.0	0.011789474048112591	0.0	0.03560274828232355	0.9973181361045927	0.9993295340261482	2	44	46	2	8
NORP83_302	4138	34.30207829869502	0.999516674722088	0.012419612088861444	34	10.870835337249252	0.1690130180579146	0.9072015466408894	0.9999999999999302	0.0	0.007406060804020288	0.0	0.07974867085548575	0.9960042621204048	0.9997336174746936	1	85	86	1	15
NORP83_303	4018	38.807366849178706	0.9997511199601792	0.00814020157575812	42	14.604891735428918	0.23043446026769696	0.8708312593330015	0.9999999999999988	0.0	0.0062015627045184365	0.0	0.2548531607765057	0.9948556730494428	1.0	0	31	31	0	18
NORP83_304	7605	40.89559500328731	0.9977646285338592	0.009886199773381343	40	10.959306130061986	0.1256787939108112	0.9726495726495726	0.9999999999999998	0.0	0.008696551852185097	0.0	0.2440499671268902	0.9963498715695552	1.0	0	101	101	0	27
NORP83_305	12184	43.258453709783325	0.9945009848982272	0.008772027512206959	46	13.56350766177135	0.12288387417113927	0.9195666447800394	1.0	0.0	0.009066103370816479	0.0	0.34963887065003285	0.9958050696179936	0.9998214923241701	2	116	118	2	47
NORP83_306	4358	45.058283616337775	0.9986232216613126	0.011737378551705646	47	15.540773740510854	0.235439245639646	0.9247361174850848	1.0	0.0	0.010195200093587207	0.0	0.4302432308398348	0.9937965260545906	1.0	0	70	70	0	25
NORP83_307	3585	25.868340306834032	0.9997210599721059	0.007851270939635113	26	9.541714283678797	0.15938315058934469	0.7598326359832636	0.9999999998797856	0.0			0.0	0.9996328928046991	1.0	0	16	16	0	1
NORP83_308	3682	46.31694731124389	1.0	0.011043754130870996	48	14.472051794090804	0.2385323019961544	0.9625203693644758	1.0	0.0	0.008412717575074334	0.0	0.4527430744160782	0.993510158013544	0.999153498871332	3	56	59	3	23
NORP83_309	6809	37.29226024379498	0.9997062711117638	0.01039923545570376	37	10.47657453131717	0.1269724598819943	0.968277280070495	0.9999999999999949	0.0	0.007270765986128747	0.0	0.13614333969745926	0.9951463673593204	0.9998483239799788	1	103	104	1	32
NORP83_31	12390	39.50242130750605	0.9995157384987894	0.01049046646477658	39	10.701072288907657	0.09614111872249037	0.9639225181598065	0.9999999999999992	0.0	0.007754696227788459	0.0	0.17530266343825665	0.99698568198945	1.0	0	192	192	0	36
NORP83_388	6072	43.29249011857708	0.9980237154150198	0.009054685869964718	43	11.223684912806974	0.1440473753843719	0.9640974967061924	1.0	0.0	0.009792944059818677	0.0	0.28474967061923584	0.9948752989408952	1.0	0	65	65	0	30
NORP83_389	3910	39.192071611253205	0.9948849104859336	0.009656126192186587	43	11.892342678316307	0.1902105405225743	0.9265984654731456	0.9999999999999992	0.0	0.008863585823785325	0.0	0.13836317135549872	0.9988959425890146	1.0	0	48	48	0	4
NORP83_39	6082	35.645840184149954	0.9980269648142058	0.012601362665096594	35	15.188831913260795	0.19477664204843653	0.8214403156856297	0.9999999999999786	0.0	0.012817763478348176	0.0	0.19993423216047354	0.9939951961569256	0.9993995196156924	3	97	100	3	30
NORP83_390	18565	42.276865068677616	0.9997306760032318	0.007019339563084093	43	10.745141301859627	0.0788635551548346	0.974037166711554	1.0	0.0	0.006659436695557019	0.0	0.2542957177484514	0.9977326771000388	0.9998340983243932	3	130	133	3	41
NORP83_391	3591	38.23363965469228	0.9958228905597326	0.011138619880754042	38	14.39484746776018	0.24024803433123595	0.8877749930381509	0.9999999999999978	0.0	0.009625000037973952	0.0	0.2762461709830131	0.9946675031367628	0.9996863237139272	1	57	58	1	17
NORP83_4	3811	43.39385987929677	1.0	0.00960216906320577	45	13.594203392164431	0.22023750355123808	0.9239044870112832	1.0	0.0	0.008371308207008932	0.0	0.3109420099711362	0.9943197955126384	1.0	0	46	46	0	20
NORP83_40	9391	63.202321371525926	0.981045682035992	0.010881485850632531	58	33.918515907552575	0.3500290146760859	0.8860611223511873	1.0	0.0	0.010542241989064728	0.0	0.5833244595889682	0.9936305732484076	0.9995192885470496	4	136	140	4	53
NORP83_41	8914	40.811981153242094	0.9996634507516268	0.009789950018219251	40	12.078973549964221	0.12794345580353148	0.9808166928427192	0.9999999999999998	0.0	0.008262081518432106	0.0	0.2479246129683644	0.9963399290861259	0.9997712455678828	2	123	125	2	32
NORP83_42	3354	39.8819320214669	0.9988073941562312	0.011698188471253812	42	11.884948929448774	0.20524876053183008	0.9341085271317828	0.9999999999999994	0.0	0.008954572290797547	0.0	0.20214669051878356	0.994254707947654	0.998404085541015	5	56	61	5	18
NORP83_43	8411	35.801093805730595	0.999167756509333	0.00889561743484968	35	13.516438821260126	0.14738873286035695	0.8888360480323386	0.9999999999999812	0.0	0.0063495704301107505	0.0	0.16597313042444414	0.9978598180845372	1.0	0	91	91	0	16
NORP83_44	3290	39.820364741641335	0.9984802431610942	0.0069914015317180675	41	16.096355338588687	0.2806697540707595	0.8975683890577507	0.9999999999999994	0.0	0.004878128290418893	0.0	0.2987841945288754	0.998306806637318	1.0	0	22	22	0	5
NORP83_45	3114	42.0863840719332	0.9967886962106616	0.01205098364952506	44	15.41429328900414	0.2762702099590866	0.9351316634553628	1.0	0.0	0.01355413535147676	0.0	0.3416827231856134	0.9934752747252747	0.9989697802197802	3	48	51	3	19
NORP83_46	4108	34.314264849074966	0.9953748782862708	0.012577716892019808	34	12.859374259603387	0.20065846460519352	0.8926484907497566	0.9999999999999306	0.0	0.01386864229484841	0.0	0.09858812074001948	0.998636487592037	1.0	0	80	80	0	5
NORP83_47	5885	43.121495327102814	0.9972812234494476	0.008682859165744959	46	15.338337366744199	0.19995945934119755	0.8949872557349193	1.0	0.0	0.008800741516405863	0.0	0.3666949872557349	0.9952534649705714	0.9994304157964686	3	52	55	3	25
NORP83_48	4995	35.54514514514514	0.9983983983983984	0.009937231733690656	39	12.008476900565924	0.1699274960651979	0.8766766766766767	0.9999999999999766	0.0	0.009644769114009357	0.0	0.08228228228228228	0.9968029230417904	1.0	0	65	65	0	14
NORP83_49	5632	49.19708806818182	0.9989346590909092	0.005745532812203025	50	11.639174766620087	0.15510629557843078	0.9779829545454546	1.0	0.0	0.005752118350249803	0.0	0.5406605113636364	0.9990922294843864	1.0	0	24	24	0	5
NORP83_5	21693	48.78509196515005	0.9987553588715252	0.007226000330670002	46	19.22859366428205	0.13055626712488014	0.9733554602867284	1.0	0.0	0.008699138260336858	0.0	0.459964043700733	0.9990054463651432	1.0	0	160	160	0	21
NORP83_67	18072	40.06745241257193	0.9992253209384684	0.00708740115192963	41	10.434657174912896	0.07762240458417477	0.9681828242585214	0.9999999999999996	0.0	0.0058659748369094275	0.0	0.17059539619300576	0.9970280619534776	0.9994856261073328	8	127	135	9	52
NORP83_68	4425	42.78892655367232	0.9993220338983052	0.011748902899496929	43	12.988468222131411	0.19527667738816776	0.9685875706214688	1.0	0.0	0.0086922222955359	0.0	0.3254237288135593	0.9946336910872609	1.0	0	75	75	0	23
NORP83_69	10440	39.68908045977012	1.0	0.010942288781263021	40	11.124740107052613	0.1088830869605668	0.9651340996168584	0.9999999999999994	0.0	0.009435751586233998	0.0	0.2020114942528736	0.9932512901945216	0.9995037713378324	4	177	181	5	68
NORP83_7	19426	39.069031195305264	0.981828477298466	0.010069403742167138	40	13.377930807742713	0.09598611887436533	0.902913620920416	0.999999999999999	0.0	0.00852099054596267	0.0	0.19129002367960465	0.9949828962371722	0.9999429874572406	1	238	239	1	88
NORP83_70	3072	31.59993489583333	0.9983723958333334	0.010258675277608044	30	12.436025352107539	0.22440973376617893	0.828125	0.999999999999238	0.0	0.008145454682801924	0.0	0.06803385416666667	0.9984276729559748	0.9996069182389936	1	52	53	1	4
NORP83_71	3802	43.71646501841136	0.9992109416096792	0.009510875476497429	42	12.91470775121435	0.20947666358325231	0.9687006838506048	1.0	0.0	0.007270229169885622	0.0	0.2756443976854287	0.9945696443117024	0.9997284822155852	1	46	47	1	20
NORP83_72	11412	60.534349807220465	0.9994742376445848	0.00793297190968445	59	16.283243476896665	0.152433023553611	0.9898352611286364	1.0	0.0	0.007725629620522034	0.0	0.7795303189624956	0.9993803116147308	0.9998229461756374	2	108	110	2	7
NORP83_73	4400	41.88090909090909	0.9997727272727271	0.010278032869429188	44	13.837840053829641	0.20863699813113915	0.9275	1.0	0.0	0.012916352459282243	0.0	0.2890909090909091	0.9919137466307276	0.9997549620191128	1	56	57	1	33
NORP83_74	3513	29.28294904639909	0.995730145175064	0.012269122527699405	27	16.26358066285506	0.2744346310801587	0.6427554796470253	0.9999999999941046	0.0	0.008797188215808882	0.0	0.16196982635923712	0.9982285208148804	1.0	0	48	48	0	4
NORP83_75	3331	43.26958871209847	0.9963974782347644	0.008485475007225518	42	16.344092613397336	0.2832296383407419	0.9339537676373462	1.0	0.0	0.0063141127169390465	0.0	0.34674271990393274	0.996142719382835	1.0	0	35	35	0	12
NORP83_76	18583	44.37152235914546	0.9999461873755584	0.009391120624915985	44	11.86829509391882	0.08706470006515281	0.981703707689824	1.0	0.0	0.008095703135449717	0.0	0.3130818490017758	0.9958888340733432	0.9998903689086224	2	232	234	2	75
NORP83_77	4875	40.32246153846154	0.9997948717948718	0.01273646070831036	43	13.429680794736733	0.1923636140275707	0.9226666666666666	0.9999999999999996	0.0	0.011859758375839856	0.0	0.23753846153846156	0.9922187638950644	0.9997776789684304	1	97	98	1	35
NORP83_78	6377	45.71726517171084	0.9990591187078564	0.009920973559013445	46	13.575402473360427	0.17001160208108435	0.9622079347655638	1.0	0.0	0.008160637526873127	0.0	0.3936020072134233	0.9965775749674056	1.0	0	91	91	0	21
NORP83_79	5826	49.89598352214213	0.998283556470992	0.008406387884123845	51	14.26827798337215	0.1869491939937112	0.9745966357706832	1.0	0.0	0.008017010805083434	0.0	0.548918640576725	0.9975343430785488	0.9998238816484678	1	59	60	1	14
NORP83_8	5371	35.45578104636008	0.9640662818841929	0.005817921524462477	36	19.798887597593065	0.2701802798719413	0.7279836157140197	0.9999999999999748	0.0	0.004706433022308887	0.0	0.2865388195866692	0.9974424552429668	1.0	0	12	12	0	10
NORP83_165	3380	4.731656804733729	0.9023668639053254	0.0141100140028102	3	5.098428018606836	0.08770860351294481	0.027514792899408284	0.9846716765884528	0.0			0.0	0.9784946236559141	1.0	0	3	3	0	2
NORP83_166	9405	41.34694311536417	1.0	0.009866517737493252	42	10.901311319092061	0.11241452562567973	0.9778841041998936	1.0	0.0	0.01062731764438185	0.0	0.19383306751727805	0.9959769490051104	0.99989126889203	1	126	127	1	37
NORP83_167	3539	42.242158801921455	0.9980220401243288	0.013707135535690806	44	15.475559032043645	0.26017611950053604	0.8827352359423566	1.0	0.0	0.011609208883999078	0.0	0.3927663181689743	0.9951984635083226	1.0	0	69	69	0	15
NORP83_168	3869	38.81002843111914	0.9992246058413028	0.007278395546957861	41	14.100068565362095	0.2267138185446768	0.9085034892737142	0.9999999999999988	0.0	0.0052889734506607064	0.0	0.2719048849831998	0.99800853485064	0.9997155049786628	1	26	27	1	7
NORP83_169	5479	42.339843037050564	0.9974447891951086	0.0054245560703785065	42	12.730024181179154	0.17199594761893636	0.9678773498813652	1.0	0.0	0.005180186833397382	0.0	0.25424347508669465	0.9998114274938714	1.0	0	19	19	0	1
NORP83_17	6627	35.25697902519994	0.9996982043156782	0.014225393145183453	37	12.309237703383634	0.15121867996281188	0.8681152859514109	0.9999999999999698	0.0	0.00956378633920385	0.0	0.11000452693526484	0.9946115070398052	0.9996523552928906	2	140	142	2	31
NORP83_170	23414	33.83112667634749	0.7010335696591783	0.005497717470252961	43	25.600851869046693	0.16731153518677355	0.6635346373964295	0.9999999999998938	0.0	0.004803684142337117	0.0	0.3617066712223456	0.9976828012358392	0.9992276004119464	12	48	60	12	36
NORP83_171	4094	34.620420127015144	0.9997557401074744	0.011479009766580006	37	9.824947221416027	0.15357105003434562	0.91133365901319	0.9999999999999469	0.0	0.007622222105661991	0.0	0.026380068392769903	0.9954435808094344	1.0	0	71	71	0	17
NORP83_172	4386	42.28659370725034	0.9993160054719562	0.011275299383332826	42	15.331410730022109	0.2315246944588697	0.9293205654354764	1.0	0.0	0.007077436015392014	0.0	0.3556771545827633	0.994847890088322	1.0	0	72	72	0	21
NORP83_173	5867	42.668996079768185	0.9964206579171638	0.009183781965566462	43	12.046931056320126	0.15729155125467267	0.9519345491733424	1.0	0.0	0.007718527629998474	0.0	0.28242713482188514	0.9969561324977618	0.9996418979409132	2	67	69	2	17
NORP83_174	6314	45.78492239467849	0.9984162179284132	0.009464630776449212	47	15.18001956779211	0.19105325302132056	0.9509027557808044	1.0	0.0	0.009787796301886198	0.0	0.44124168514412415	0.9973351099267156	0.9998334443704198	1	73	74	1	16
NORP83_175	5738	38.569536423841065	0.9996514464970372	0.010753054544886507	38	11.999889297204074	0.15842904875851185	0.9327291739281981	0.9999999999999984	0.0	0.009298488208078659	0.0	0.16138027187173232	0.9943946188340808	0.9996263079222719	2	82	84	2	30
NORP83_176	5273	33.034136165370754	0.9998103546368292	0.010849069436249192	33	11.691818768365948	0.16102539533376864	0.8492319362791579	0.9999999999997852	0.0	0.003906930879791215	0.0	0.07661672672103167	0.9979901741849041	0.9997766860205448	1	81	82	1	9
NORP83_177	4075	30.746993865030674	0.9982822085889572	0.009429553795100465	32	10.61535120225429	0.16631210283422335	0.8790184049079754	0.9999999999983816	0.0	0.007075728143303151	0.0	0.0252760736196319	0.998324958123953	1.0	0	47	47	0	6
NORP83_178	9341	35.701316775505845	0.9991435606466116	0.009804184717921329	37	15.131697750847454	0.1565720434785106	0.8212182849801949	0.9999999999999796	0.0	0.01004481542948743	0.0	0.17963815437319344	0.9955677225915788	0.9997392777995048	2	103	105	2	34
NORP83_179	5154	40.815095071788896	0.99941792782305	0.01040348859631357	43	14.409168393757277	0.2007284104945604	0.9297632906480404	0.9999999999999998	0.0	0.010431413680158985	0.0	0.2964687621265037	0.9956176961602672	1.0	0	77	77	0	21
NORP83_18	3265	45.16294027565085	0.9917304747320062	0.011834828356269034	47	14.048737260465249	0.24590208739464636	0.9617151607963248	1.0	0.0	0.013198184804728784	0.0	0.4049004594180705	0.9971337579617834	0.9996815286624204	1	64	65	1	9
NORP83_180	7331	39.852407584231344	0.9982267084981584	0.012296652198279023	42	14.500402418727043	0.16936671640412412	0.9214295457645616	0.9999999999999994	0.0	0.008738934335603354	0.0	0.2841358614104488	0.9936343449296816	0.998963730569948	6	135	141	7	43
NORP83_181	15773	44.299879540987774	0.9992392062385088	0.008985169213450828	46	12.851456322614439	0.10233141050633104	0.9477588283776072	1.0	0.0	0.009414595908496026	0.0	0.3709503582070627	0.9956518830691016	1.0	0	173	173	0	65
NORP83_368	5753	38.365722231879026	0.9989570658786721	0.004781152311674308	38	9.863456111144787	0.13005279128738867	0.9834868764123066	0.999999999999998	0.0	0.009024193810839852	0.0	0.08621588736311489	0.999293036408625	1.0	0	10	10	0	4
NORP83_369	11398	42.17459203369012	0.9989471837164416	0.009068764017693852	43	12.340495090480275	0.11559453690463815	0.9708720828215476	1.0	0.0	0.009007647063815849	0.0	0.2822424986839797	0.9980119284294234	0.9999096331104284	1	121	122	1	22
NORP83_37	3610	43.31468144044322	0.9997229916897508	0.015911264625707022	44	13.435766154415516	0.22365004785563805	0.9210526315789472	1.0	0.0	0.01321496962982227	0.0	0.3182825484764543	0.9891729323308269	0.9996992481203008	1	90	91	1	36
NORP83_370	10996	56.37340851218625	0.9994543470352856	0.007998885466138694	56	15.043282965250196	0.14346468458417366	0.9864496180429247	1.0	0.0	0.0071178582617875685	0.0	0.6793379410694798	0.9972342583202728	0.9997234258320272	3	103	106	3	30
NORP83_371	3182	33.47360150848523	0.9978001257071024	0.009385145829865936	33	13.734797121066446	0.243523240524448	0.8082966687617851	0.9999999999998544	0.0	0.004457683146140812	0.0	0.13293526084223758	0.9949455676516329	0.9988335925349924	3	30	33	3	13
NORP83_372	6299	38.64168915700905	0.99952373392602	0.012294419308262916	40	13.427362412157324	0.16919572386307405	0.9179234799174472	0.9999999999999984	0.0	0.01069410893118794	0.0	0.21289093506905854	0.9920442753372536	1.0	0	114	114	0	46
NORP83_373	3559	38.842652430458	0.9997190221972464	0.014294690252021125	38	13.082248786543742	0.2193206033856101	0.9488620398988481	0.9999999999999988	0.0	0.010993548547637677	0.0	0.2351784209047485	0.995558187740598	1.0	0	92	92	0	15
NORP83_374	6032	44.89323607427056	0.9978448275862069	0.011195957778127652	45	13.956528543922351	0.17971434480850015	0.9675066312997348	1.0	0.0	0.010317265278124156	0.0	0.3831233421750663	0.993831391363948	0.9994859492803291	3	97	100	3	36
NORP83_375	3932	33.072736520854534	0.9951678535096644	0.012862644940187741	32	12.385171430050473	0.19753793085536456	0.887589013224822	0.9999999999997924	0.0	0.01010951013317718	0.0	0.08825025432349949	0.995702005730659	1.0	0	68	68	0	15
NORP83_376	3994	51.18878317476214	1.0	0.009774231534694922	53	14.837069195262751	0.23480020243307564	0.9644466700050076	1.0	0.0	0.008521491531352844	0.0	0.5976464697045568	0.9961059190031152	1.0	0	53	53	0	15
NORP83_377	4380	39.345205479452055	0.9993150684931508	0.009934267217462713	38	12.282166316764483	0.1856040725819363	0.9417808219178082	0.9999999999999992	0.0	0.010277289201756856	0.0	0.19200913242009127	0.9968484848484848	1.0	0	58	58	0	13
NORP83_378	5193	37.963412285769294	0.9965337954939342	0.009619212524135112	40	12.772122120963642	0.1772538677791905	0.9033314076641632	0.9999999999999972	0.0	0.007257810941284748	0.0	0.1812054689004429	0.9965892133873374	0.9997868258367086	1	64	65	1	16
NORP83_379	8640	44.86076388888889	0.9988425925925926	0.008771329281114792	44	11.909902406921717	0.1281375646855804	0.9766203703703704	1.0	0.0	0.009907076512693291	0.0	0.3353009259259259	0.9941929367148612	1.0	0	92	92	0	49
NORP83_38	4452	35.53616352201258	0.9973045822102424	0.012537165862344213	38	13.978943683388936	0.20952968404911446	0.8396226415094341	0.9999999999999764	0.0	0.012445349072994216	0.0	0.1545372866127583	0.9935794542536116	0.9983948635634028	6	84	90	6	24
NORP83_380	4007	38.3134514599451	0.9977539306214124	0.009038665669314105	42	11.385329648804918	0.17988300630979712	0.9306214125280758	0.9999999999999979	0.0	0.00946770463472213	0.0	0.1282755178437734	0.9951729686242959	1.0	0	43	43	0	18
NORP83_381	7631	43.28462848905779	0.9982964224872232	0.009956376542903043	44	12.736504786503133	0.14581022971653654	0.9684182938015988	1.0	0.0	0.010141988023057658	0.0	0.32302450530729915	0.996617050067659	0.9998646820027064	1	109	110	1	25
NORP83_382	4161	39.37226628214371	0.9997596731554914	0.00986369408874488	40	12.580950182921688	0.19505935210234315	0.8978610910838739	0.9999999999999992	0.0	0.0069522646095061535	0.0	0.1963470319634703	0.995985010706638	0.9997323340471092	1	50	51	1	15
NORP83_383	3734	37.97857525441886	0.9997321906802356	0.011503197772026352	39	14.092778182418922	0.2306575216304918	0.8722549544724156	0.9999999999999972	0.0	0.010285584596445574	0.0	0.2359400107123728	0.9960085968682836	0.9984648449493398	5	67	72	5	13
NORP83_384	4951	32.93900222177338	0.9991920824075944	0.010112800719826344	33	11.405576267782221	0.1621118020493146	0.8666935972530802	0.9999999999997664	0.0	0.011759116010771287	0.0	0.0731165421127045	0.994173852248893	0.9995339081799114	1	63	64	2	25
NORP83_385	5580	41.77311827956989	0.999641577060932	0.008415421435695625	43	11.927279413973034	0.15968466541163526	0.9455197132616489	1.0	0.0	0.009016144188186859	0.0	0.2686379928315412	0.9962092494313874	1.0	0	50	50	0	20
NORP83_386	8782	53.980300614894105	0.9998861307219312	0.009732192302130516	55	14.68419392938443	0.15670329298128233	0.9851969938510591	1.0	0.0	0.009107336889860427	0.0	0.6503074470507857	0.9951456310679612	0.9997688395746648	2	104	106	2	42
NORP83_387	6048	36.48429232804233	0.9933862433862434	0.011851846946136502	36	14.908664319366784	0.1917205878997708	0.8735119047619048	0.9999999999999898	0.0	0.009514723864435415	0.0	0.2156084656084656	0.9926178307779672	0.997539276925989	13	104	117	13	39
NORP83_146	6442	33.365880161440536	0.9996895374107421	0.011740898377722851	33	14.313476196104029	0.1783480932228423	0.8112387457311394	0.9999999999998398	0.0	0.009340351153361182	0.0	0.14157094070164544	0.9957902793723691	0.9998086490623804	1	103	104	1	22
NORP83_147	5079	31.463477062413858	0.9946839929119904	0.016226920187695004	34	12.614437571377845	0.17701967681351938	0.7940539476274857	0.9999999999991404	0.0	0.0119642613270029	0.0	0.05729474305965741	0.9868584180510788	0.9992561368708158	3	127	130	3	53
NORP83_148	3956	22.619565217391305	0.9732052578361982	0.008663875631999773	22	9.358607281307764	0.1488120088184527	0.6400404448938322	0.9999999978825982	0.0			0.0	0.99565560821485	1.0	0	34	34	0	11
NORP83_149	9106	45.02965077970568	1.0	0.009223098494402173	44	10.790835252361438	0.11308762594345735	0.9885789589281792	1.0	0.0	0.008124068870414614	0.0	0.3066110256973424	0.9962230615418796	1.0	0	107	107	0	34
NORP83_15	7022	45.71931073768158	0.9967245798917688	0.007004506438662017	47	13.340541968769589	0.1592113360914454	0.9629735118199944	1.0	0.0	0.0077286136810680315	0.0	0.43449159783537455	0.9977817213842058	1.0	0	37	37	0	15
NORP83_150	5852	35.025461380724536	0.8819207108680793	0.009779950944185043	42	18.328229398019246	0.23961028892761585	0.7752904989747095	0.999999999999963	0.0	0.007338249097405103	0.0	0.222488038277512	0.994269340974212	0.998457130262288	5	60	65	7	26
NORP83_151	7017	35.950976200655546	0.999714977910788	0.011520110526430871	37	12.486704548523537	0.14907439163731356	0.9016673792218896	0.9999999999999836	0.0	0.00823538934979573	0.0	0.14094342311529146	0.9955745218903114	1.0	0	110	110	0	28
NORP83_152	11624	44.2912078458362	0.9997419132828629	0.006298196217890739	45	10.288212730300458	0.09542909752563436	0.984944941500344	1.0	0.0	0.006154703865483224	0.0	0.2962835512732278	0.9989518735260722	0.9999126561271728	1	65	66	1	12
NORP83_153	4833	41.32940202772605	0.9983447134285124	0.007579449173904074	42	12.278019400190177	0.17663015598006207	0.957790192427064	1.0	0.0	0.007577381976162313	0.0	0.2671218704738258	0.9961114711600778	1.0	0	35	35	0	18
NORP83_154	3364	35.22889417360285	0.8787158145065398	0.007595331071037159	42	23.173925901802594	0.3996098460399936	0.700653983353151	0.9999999999999691	0.0	0.008819478335587827	0.0	0.34185493460166466	0.996605854900297	1.0	0	17	17	0	8
NORP83_155	5267	31.53142206189482	0.99734194038352	0.012872042272102702	32	12.163195953290035	0.16761283664332152	0.8089994304157965	0.9999999999991904	0.0	0.01471801278013618	0.0	0.0611353711790393	0.9946022060549168	0.9997653133067356	1	91	92	1	23
NORP83_156	3377	35.196920343500146	0.91175599644655	0.008629287106701522	38	17.64299040538896	0.30364838735153343	0.7859046490968316	0.999999999999968	0.0	0.006202559802388374	0.0	0.16197808705952027	0.9966088922381312	1.0	0	31	31	0	9
NORP83_157	3183	30.382657869934025	0.9974866478165252	0.011892416259371095	32	12.629149625704512	0.22388449665058965	0.7822808671065034	0.9999999999977676	0.0	0.005935632291881543	0.0	0.05466540999057493	0.9955823293172692	0.9991967871485944	2	42	44	2	11
NORP83_158	10647	37.066967220813375	0.9993425378040762	0.00985247148288526	37	11.58394475651791	0.11226987698920582	0.9280548511317742	0.999999999999994	0.0	0.00883877570075653	0.0	0.1472715318869165	0.9969638700536384	1.0	0	143	143	0	30
NORP83_159	5139	48.02451838879159	0.995524421093598	0.010026900999817734	51	15.940581625934202	0.22238583110711754	0.9237205682039308	1.0	0.0	0.00802569737755865	0.0	0.5512745670363884	0.9974720876342952	1.0	0	65	65	0	12
NORP83_16	4351	38.52654562169617	0.9995403355550448	0.01286288527691648	38	12.953097541450818	0.19639435808921135	0.9342679843714088	0.9999999999999984	0.0	0.008904799103891525	0.0	0.17720064353022294	0.9958179581795816	1.0	0	87	87	0	17
NORP83_160	6104	32.26900393184797	0.9459370904325032	0.012052224822138413	30	18.248800637190424	0.2335945153967683	0.7721166448230669	0.999999999999578	0.0	0.010803682085859244	0.0	0.1957732634338139	0.9944833439422872	1.0	0	92	92	0	26
NORP83_161	4974	41.82187374346602	0.9987937273823884	0.010952101726936505	42	11.018993181008069	0.15625455439047656	0.962203457981504	1.0	0.0	0.010088924345267205	0.0	0.25231202251708884	0.9937317175094024	1.0	0	73	73	0	30
NORP83_162	3733	34.500669702652026	1.0	0.0145902485806938	34	13.096289202371485	0.2143766299343084	0.8665952317171176	0.9999999999999412	0.0	0.014077052299301453	0.0	0.15992499330297347	0.9956723338485316	1.0	0	81	81	0	14
NORP83_163	9865	43.47207298530157	0.9996958945767866	0.005876589617808237	45	13.704944358108113	0.13799099457656452	0.9415103902686264	1.0	0.0	0.004443284543458992	0.0	0.3728332488596047	0.9975236864771748	0.9994616709732989	5	36	41	5	23
NORP83_164	4576	47.83238636363637	0.9995629370629372	0.009408801531006872	51	17.147730947502232	0.2535193492999933	0.9160839160839158	1.0	0.0	0.007777252563689663	0.0	0.5360576923076923	0.9947519083969466	1.0	0	50	50	0	22
NORP83_94	4060	40.77709359605911	0.9997536945812808	0.0073037719191627595	45	16.287452253573054	0.255648724311379	0.8672413793103448	0.9999999999999998	0.0	0.004884885976816134	0.0	0.3992610837438424	0.9994319795512638	1.0	0	32	32	0	2
NORP83_95	4832	30.609064569536425	0.9987582781456954	0.014385635256767282	30	12.105022312435961	0.17415946244001335	0.765728476821192	0.9999999999981719	0.0	0.015570443839275194	0.0	0.04201158940397351	0.9910810810810812	0.9991891891891892	3	99	102	3	33
NORP83_96	5361	37.06901697444506	0.9949636261891438	0.010742172577274169	38	12.310132069201135	0.16814359066675313	0.902257041596717	0.999999999999994	0.0	0.01068113709605012	0.0	0.14437604924454392	0.9931775894149266	1.0	0	71	71	0	33
NORP83_97	12745	41.42793252255787	0.9995292271479012	0.009897826630755445	43	11.621094090307686	0.10294236370930897	0.9535504119262456	1.0	0.0	0.008177899852057524	0.0	0.2286386818360141	0.9963794947749528	0.9999177157903398	1	164	165	1	44
NORP83_98	10851	44.19297760575062	0.9995392129757626	0.01126230320971433	45	12.69623374084065	0.12188774438229895	0.9658096028015852	1.0	0.0	0.010086373221012024	0.0	0.3516726568979818	0.995324427480916	1.0	0	169	169	0	49
NORP83_99	3619	48.44570323293728	0.9886709035645206	0.01011794345037853	54	18.86652760015891	0.3136589570181808	0.8905775075987842	1.0	0.0	0.008196117511990342	0.0	0.6120475269411441	0.9925535215637604	1.0	0	42	42	0	24
